account_id,cohort_month,signup_date
ACC-00001,2024-10-01,2024-10-16
ACC-00002,2024-07-01,2024-07-12
ACC-00003,2023-01-01,2023-01-28
ACC-00004,2023-10-01,2023-10-12
ACC-00005,2023-06-01,2023-06-09
ACC-00006,2023-12-01,2023-12-19
ACC-00007,2024-01-01,2024-01-23
ACC-00008,2023-07-01,2023-07-16
ACC-00009,2023-08-01,2023-08-27
ACC-00010,2023-12-01,2023-12-30
ACC-00011,2023-06-01,2023-06-25
ACC-00012,2024-12-01,2024-12-05
ACC-00013,2023-02-01,2023-02-02
ACC-00014,2023-11-01,2023-11-19
ACC-00015,2023-05-01,2023-05-23
ACC-00016,2024-02-01,2024-02-13
ACC-00017,2023-04-01,2023-04-23
ACC-00018,2024-09-01,2024-09-02
ACC-00019,2023-04-01,2023-04-28
ACC-00020,2024-03-01,2024-03-21
ACC-00021,2023-07-01,2023-07-02
ACC-00022,2023-07-01,2023-07-23
ACC-00023,2023-01-01,2023-01-01
ACC-00024,2023-11-01,2023-11-11
ACC-00025,2023-03-01,2023-03-12
ACC-00026,2023-06-01,2023-06-19
ACC-00027,2024-12-01,2024-12-07
ACC-00028,2024-06-01,2024-06-13
ACC-00029,2024-08-01,2024-08-25
ACC-00030,2023-12-01,2023-12-05
ACC-00031,2024-08-01,2024-08-07
ACC-00032,2024-11-01,2024-11-05
ACC-00033,2024-10-01,2024-10-23
ACC-00034,2023-07-01,2023-07-14
ACC-00035,2023-03-01,2023-03-19
ACC-00036,2023-01-01,2023-01-16
ACC-00037,2023-08-01,2023-08-07
ACC-00038,2024-04-01,2024-04-10
ACC-00039,2024-05-01,2024-05-13
ACC-00040,2023-11-01,2023-11-18
ACC-00041,2024-06-01,2024-06-04
ACC-00042,2023-05-01,2023-05-03
ACC-00043,2024-11-01,2024-11-04
ACC-00044,2023-09-01,2023-09-02
ACC-00045,2023-03-01,2023-03-16
ACC-00046,2024-06-01,2024-06-02
ACC-00047,2023-06-01,2023-06-11
ACC-00048,2024-06-01,2024-06-25
ACC-00049,2023-05-01,2023-05-18
ACC-00050,2023-08-01,2023-08-04
ACC-00051,2023-02-01,2023-02-22
ACC-00052,2024-10-01,2024-10-14
ACC-00053,2023-04-01,2023-04-25
ACC-00054,2024-08-01,2024-08-19
ACC-00055,2023-02-01,2023-02-10
ACC-00056,2024-02-01,2024-02-21
ACC-00057,2023-07-01,2023-07-01
ACC-00058,2024-11-01,2024-11-16
ACC-00059,2023-02-01,2023-02-09
ACC-00060,2023-08-01,2023-08-22
ACC-00061,2023-10-01,2023-10-13
ACC-00062,2023-01-01,2023-01-29
ACC-00063,2023-04-01,2023-04-22
ACC-00064,2023-04-01,2023-04-29
ACC-00065,2024-07-01,2024-07-05
ACC-00066,2024-11-01,2024-11-11
ACC-00067,2024-06-01,2024-06-03
ACC-00068,2024-03-01,2024-03-06
ACC-00069,2024-02-01,2024-02-20
ACC-00070,2024-11-01,2024-11-01
ACC-00071,2023-06-01,2023-06-23
ACC-00072,2023-08-01,2023-08-29
ACC-00073,2024-05-01,2024-05-01
ACC-00074,2024-12-01,2024-12-14
ACC-00075,2023-04-01,2023-04-20
ACC-00076,2024-07-01,2024-07-24
ACC-00077,2024-07-01,2024-07-26
ACC-00078,2024-05-01,2024-05-31
ACC-00079,2024-04-01,2024-04-05
ACC-00080,2024-10-01,2024-10-03
ACC-00081,2024-07-01,2024-07-07
ACC-00082,2024-02-01,2024-02-29
ACC-00083,2024-08-01,2024-08-21
ACC-00084,2023-12-01,2023-12-27
ACC-00085,2024-07-01,2024-07-13
ACC-00086,2024-02-01,2024-02-03
ACC-00087,2023-05-01,2023-05-11
ACC-00088,2023-03-01,2023-03-27
ACC-00089,2023-08-01,2023-08-05
ACC-00090,2024-03-01,2024-03-07
ACC-00091,2023-12-01,2023-12-25
ACC-00092,2023-09-01,2023-09-11
ACC-00093,2024-07-01,2024-07-31
ACC-00094,2023-04-01,2023-04-28
ACC-00095,2024-08-01,2024-08-12
ACC-00096,2024-12-01,2024-12-08
ACC-00097,2023-05-01,2023-05-04
ACC-00098,2023-03-01,2023-03-12
ACC-00099,2024-01-01,2024-01-06
ACC-00100,2024-10-01,2024-10-28
ACC-00101,2024-08-01,2024-08-29
ACC-00102,2023-09-01,2023-09-07
ACC-00103,2023-11-01,2023-11-29
ACC-00104,2024-12-01,2024-12-19
ACC-00105,2024-02-01,2024-02-21
ACC-00106,2023-01-01,2023-01-18
ACC-00107,2024-04-01,2024-04-29
ACC-00108,2024-04-01,2024-04-09
ACC-00109,2024-07-01,2024-07-02
ACC-00110,2024-08-01,2024-08-26
ACC-00111,2023-08-01,2023-08-21
ACC-00112,2023-02-01,2023-02-25
ACC-00113,2023-01-01,2023-01-13
ACC-00114,2024-05-01,2024-05-04
ACC-00115,2023-06-01,2023-06-05
ACC-00116,2024-03-01,2024-03-02
ACC-00117,2024-03-01,2024-03-29
ACC-00118,2023-04-01,2023-04-12
ACC-00119,2023-06-01,2023-06-27
ACC-00120,2023-02-01,2023-02-03
ACC-00121,2023-09-01,2023-09-28
ACC-00122,2024-07-01,2024-07-11
ACC-00123,2023-11-01,2023-11-11
ACC-00124,2023-11-01,2023-11-08
ACC-00125,2023-02-01,2023-02-10
ACC-00126,2024-11-01,2024-11-21
ACC-00127,2023-10-01,2023-10-03
ACC-00128,2023-10-01,2023-10-12
ACC-00129,2023-12-01,2023-12-23
ACC-00130,2024-05-01,2024-05-22
ACC-00131,2023-11-01,2023-11-19
ACC-00132,2023-01-01,2023-01-02
ACC-00133,2024-05-01,2024-05-25
ACC-00134,2024-03-01,2024-03-24
ACC-00135,2024-12-01,2024-12-27
ACC-00136,2023-04-01,2023-04-27
ACC-00137,2024-06-01,2024-06-05
ACC-00138,2023-05-01,2023-05-29
ACC-00139,2023-10-01,2023-10-10
ACC-00140,2023-01-01,2023-01-03
ACC-00141,2023-06-01,2023-06-02
ACC-00142,2023-11-01,2023-11-26
ACC-00143,2024-02-01,2024-02-25
ACC-00144,2024-11-01,2024-11-10
ACC-00145,2024-08-01,2024-08-27
ACC-00146,2023-01-01,2023-01-16
ACC-00147,2023-09-01,2023-09-29
ACC-00148,2024-06-01,2024-06-30
ACC-00149,2023-02-01,2023-02-06
ACC-00150,2023-04-01,2023-04-03
ACC-00151,2024-12-01,2024-12-11
ACC-00152,2024-03-01,2024-03-17
ACC-00153,2023-03-01,2023-03-22
ACC-00154,2023-08-01,2023-08-26
ACC-00155,2023-10-01,2023-10-22
ACC-00156,2024-10-01,2024-10-16
ACC-00157,2024-05-01,2024-05-09
ACC-00158,2023-01-01,2023-01-23
ACC-00159,2023-02-01,2023-02-20
ACC-00160,2023-08-01,2023-08-24
ACC-00161,2024-11-01,2024-11-06
ACC-00162,2024-03-01,2024-03-27
ACC-00163,2024-03-01,2024-03-01
ACC-00164,2023-10-01,2023-10-07
ACC-00165,2023-12-01,2023-12-13
ACC-00166,2024-11-01,2024-11-23
ACC-00167,2024-02-01,2024-02-09
ACC-00168,2024-08-01,2024-08-21
ACC-00169,2024-09-01,2024-09-26
ACC-00170,2024-04-01,2024-04-20
ACC-00171,2023-11-01,2023-11-08
ACC-00172,2024-01-01,2024-01-15
ACC-00173,2023-06-01,2023-06-08
ACC-00174,2023-10-01,2023-10-14
ACC-00175,2023-04-01,2023-04-12
ACC-00176,2023-10-01,2023-10-10
ACC-00177,2024-10-01,2024-10-19
ACC-00178,2024-08-01,2024-08-01
ACC-00179,2023-08-01,2023-08-27
ACC-00180,2023-05-01,2023-05-29
ACC-00181,2023-05-01,2023-05-15
ACC-00182,2023-02-01,2023-02-23
ACC-00183,2024-01-01,2024-01-06
ACC-00184,2024-11-01,2024-11-05
ACC-00185,2024-02-01,2024-02-16
ACC-00186,2023-11-01,2023-11-26
ACC-00187,2023-11-01,2023-11-29
ACC-00188,2024-12-01,2024-12-19
ACC-00189,2024-03-01,2024-03-16
ACC-00190,2023-04-01,2023-04-08
ACC-00191,2024-04-01,2024-04-30
ACC-00192,2023-05-01,2023-05-14
ACC-00193,2023-12-01,2023-12-29
ACC-00194,2023-10-01,2023-10-22
ACC-00195,2023-08-01,2023-08-18
ACC-00196,2023-08-01,2023-08-20
ACC-00197,2024-10-01,2024-10-20
ACC-00198,2023-10-01,2023-10-07
ACC-00199,2024-08-01,2024-08-02
ACC-00200,2024-06-01,2024-06-27
ACC-00201,2024-08-01,2024-08-04
ACC-00202,2023-03-01,2023-03-25
ACC-00203,2024-06-01,2024-06-08
ACC-00204,2024-11-01,2024-11-14
ACC-00205,2023-08-01,2023-08-05
ACC-00206,2024-03-01,2024-03-16
ACC-00207,2023-12-01,2023-12-29
ACC-00208,2023-11-01,2023-11-17
ACC-00209,2023-01-01,2023-01-22
ACC-00210,2024-01-01,2024-01-06
ACC-00211,2024-02-01,2024-02-10
ACC-00212,2024-10-01,2024-10-10
ACC-00213,2024-10-01,2024-10-22
ACC-00214,2024-11-01,2024-11-02
ACC-00215,2024-08-01,2024-08-16
ACC-00216,2024-10-01,2024-10-04
ACC-00217,2024-08-01,2024-08-28
ACC-00218,2023-10-01,2023-10-21
ACC-00219,2024-04-01,2024-04-18
ACC-00220,2024-08-01,2024-08-08
ACC-00221,2023-04-01,2023-04-16
ACC-00222,2023-02-01,2023-02-10
ACC-00223,2024-01-01,2024-01-17
ACC-00224,2024-10-01,2024-10-08
ACC-00225,2024-11-01,2024-11-03
ACC-00226,2023-12-01,2023-12-25
ACC-00227,2023-03-01,2023-03-28
ACC-00228,2024-12-01,2024-12-02
ACC-00229,2023-11-01,2023-11-13
ACC-00230,2023-05-01,2023-05-21
ACC-00231,2024-06-01,2024-06-23
ACC-00232,2023-06-01,2023-06-16
ACC-00233,2023-02-01,2023-02-14
ACC-00234,2024-04-01,2024-04-04
ACC-00235,2023-07-01,2023-07-18
ACC-00236,2024-01-01,2024-01-27
ACC-00237,2023-09-01,2023-09-14
ACC-00238,2024-06-01,2024-06-12
ACC-00239,2023-05-01,2023-05-31
ACC-00240,2023-01-01,2023-01-28
ACC-00241,2023-08-01,2023-08-18
ACC-00242,2023-05-01,2023-05-21
ACC-00243,2024-04-01,2024-04-25
ACC-00244,2024-07-01,2024-07-15
ACC-00245,2023-05-01,2023-05-05
ACC-00246,2024-05-01,2024-05-26
ACC-00247,2024-03-01,2024-03-15
ACC-00248,2024-06-01,2024-06-20
ACC-00249,2024-07-01,2024-07-21
ACC-00250,2023-01-01,2023-01-17
ACC-00251,2024-08-01,2024-08-18
ACC-00252,2023-06-01,2023-06-29
ACC-00253,2023-05-01,2023-05-19
ACC-00254,2023-07-01,2023-07-24
ACC-00255,2024-04-01,2024-04-29
ACC-00256,2024-11-01,2024-11-02
ACC-00257,2024-01-01,2024-01-31
ACC-00258,2023-10-01,2023-10-01
ACC-00259,2024-07-01,2024-07-12
ACC-00260,2024-03-01,2024-03-12
ACC-00261,2024-09-01,2024-09-21
ACC-00262,2024-10-01,2024-10-14
ACC-00263,2024-09-01,2024-09-14
ACC-00264,2024-01-01,2024-01-06
ACC-00265,2024-01-01,2024-01-16
ACC-00266,2023-10-01,2023-10-13
ACC-00267,2024-07-01,2024-07-29
ACC-00268,2024-12-01,2024-12-11
ACC-00269,2024-12-01,2024-12-31
ACC-00270,2023-12-01,2023-12-22
ACC-00271,2024-12-01,2024-12-27
ACC-00272,2023-07-01,2023-07-25
ACC-00273,2024-04-01,2024-04-23
ACC-00274,2024-05-01,2024-05-05
ACC-00275,2024-10-01,2024-10-19
ACC-00276,2024-07-01,2024-07-18
ACC-00277,2023-02-01,2023-02-26
ACC-00278,2023-08-01,2023-08-19
ACC-00279,2024-10-01,2024-10-12
ACC-00280,2024-10-01,2024-10-18
ACC-00281,2024-09-01,2024-09-11
ACC-00282,2024-10-01,2024-10-18
ACC-00283,2023-02-01,2023-02-01
ACC-00284,2024-12-01,2024-12-02
ACC-00285,2024-04-01,2024-04-20
ACC-00286,2023-12-01,2023-12-20
ACC-00287,2024-04-01,2024-04-22
ACC-00288,2024-09-01,2024-09-22
ACC-00289,2023-11-01,2023-11-17
ACC-00290,2024-05-01,2024-05-24
ACC-00291,2023-12-01,2023-12-28
ACC-00292,2023-10-01,2023-10-20
ACC-00293,2024-02-01,2024-02-17
ACC-00294,2023-03-01,2023-03-17
ACC-00295,2024-09-01,2024-09-17
ACC-00296,2024-01-01,2024-01-10
ACC-00297,2023-05-01,2023-05-21
ACC-00298,2023-05-01,2023-05-24
ACC-00299,2023-11-01,2023-11-03
ACC-00300,2024-05-01,2024-05-01
ACC-00301,2024-12-01,2024-12-05
ACC-00302,2024-08-01,2024-08-15
ACC-00303,2024-09-01,2024-09-26
ACC-00304,2024-12-01,2024-12-18
ACC-00305,2024-02-01,2024-02-25
ACC-00306,2024-12-01,2024-12-23
ACC-00307,2023-11-01,2023-11-18
ACC-00308,2024-11-01,2024-11-28
ACC-00309,2024-07-01,2024-07-25
ACC-00310,2024-12-01,2024-12-07
ACC-00311,2023-10-01,2023-10-08
ACC-00312,2023-12-01,2023-12-20
ACC-00313,2023-12-01,2023-12-21
ACC-00314,2023-10-01,2023-10-05
ACC-00315,2023-09-01,2023-09-06
ACC-00316,2023-12-01,2023-12-05
ACC-00317,2023-06-01,2023-06-11
ACC-00318,2023-10-01,2023-10-22
ACC-00319,2024-07-01,2024-07-01
ACC-00320,2023-06-01,2023-06-30
ACC-00321,2023-10-01,2023-10-24
ACC-00322,2023-10-01,2023-10-19
ACC-00323,2024-05-01,2024-05-31
ACC-00324,2023-09-01,2023-09-21
ACC-00325,2023-07-01,2023-07-17
ACC-00326,2023-03-01,2023-03-30
ACC-00327,2023-01-01,2023-01-07
ACC-00328,2024-08-01,2024-08-09
ACC-00329,2023-11-01,2023-11-11
ACC-00330,2024-12-01,2024-12-07
ACC-00331,2023-05-01,2023-05-17
ACC-00332,2024-04-01,2024-04-27
ACC-00333,2024-09-01,2024-09-02
ACC-00334,2024-07-01,2024-07-31
ACC-00335,2023-06-01,2023-06-18
ACC-00336,2023-04-01,2023-04-04
ACC-00337,2024-07-01,2024-07-31
ACC-00338,2023-01-01,2023-01-04
ACC-00339,2023-03-01,2023-03-03
ACC-00340,2023-05-01,2023-05-19
ACC-00341,2024-01-01,2024-01-27
ACC-00342,2024-07-01,2024-07-06
ACC-00343,2023-05-01,2023-05-11
ACC-00344,2024-11-01,2024-11-20
ACC-00345,2023-06-01,2023-06-08
ACC-00346,2024-03-01,2024-03-05
ACC-00347,2024-08-01,2024-08-31
ACC-00348,2024-02-01,2024-02-16
ACC-00349,2023-10-01,2023-10-24
ACC-00350,2023-11-01,2023-11-25
ACC-00351,2023-10-01,2023-10-09
ACC-00352,2024-03-01,2024-03-13
ACC-00353,2024-06-01,2024-06-21
ACC-00354,2024-04-01,2024-04-29
ACC-00355,2023-03-01,2023-03-01
ACC-00356,2023-07-01,2023-07-28
ACC-00357,2023-07-01,2023-07-15
ACC-00358,2024-08-01,2024-08-24
ACC-00359,2023-01-01,2023-01-16
ACC-00360,2023-09-01,2023-09-06
ACC-00361,2023-10-01,2023-10-17
ACC-00362,2024-05-01,2024-05-24
ACC-00363,2023-07-01,2023-07-28
ACC-00364,2023-09-01,2023-09-25
ACC-00365,2023-08-01,2023-08-24
ACC-00366,2023-09-01,2023-09-21
ACC-00367,2023-12-01,2023-12-27
ACC-00368,2024-10-01,2024-10-19
ACC-00369,2023-02-01,2023-02-19
ACC-00370,2023-01-01,2023-01-10
ACC-00371,2024-05-01,2024-05-09
ACC-00372,2023-10-01,2023-10-09
ACC-00373,2023-07-01,2023-07-03
ACC-00374,2023-12-01,2023-12-29
ACC-00375,2024-12-01,2024-12-14
ACC-00376,2023-02-01,2023-02-02
ACC-00377,2023-06-01,2023-06-25
ACC-00378,2023-04-01,2023-04-08
ACC-00379,2024-08-01,2024-08-03
ACC-00380,2024-07-01,2024-07-31
ACC-00381,2023-05-01,2023-05-28
ACC-00382,2023-09-01,2023-09-04
ACC-00383,2023-05-01,2023-05-24
ACC-00384,2023-04-01,2023-04-11
ACC-00385,2024-02-01,2024-02-11
ACC-00386,2023-08-01,2023-08-22
ACC-00387,2023-03-01,2023-03-29
ACC-00388,2024-01-01,2024-01-25
ACC-00389,2023-01-01,2023-01-06
ACC-00390,2024-03-01,2024-03-17
ACC-00391,2023-04-01,2023-04-06
ACC-00392,2023-03-01,2023-03-28
ACC-00393,2024-12-01,2024-12-02
ACC-00394,2024-03-01,2024-03-21
ACC-00395,2024-10-01,2024-10-02
ACC-00396,2024-02-01,2024-02-10
ACC-00397,2024-10-01,2024-10-28
ACC-00398,2023-11-01,2023-11-18
ACC-00399,2024-08-01,2024-08-12
ACC-00400,2024-07-01,2024-07-31
ACC-00401,2024-04-01,2024-04-17
ACC-00402,2024-02-01,2024-02-23
ACC-00403,2024-03-01,2024-03-09
ACC-00404,2024-06-01,2024-06-02
ACC-00405,2024-12-01,2024-12-19
ACC-00406,2024-11-01,2024-11-04
ACC-00407,2024-10-01,2024-10-24
ACC-00408,2023-09-01,2023-09-22
ACC-00409,2024-01-01,2024-01-19
ACC-00410,2023-01-01,2023-01-26
ACC-00411,2023-05-01,2023-05-26
ACC-00412,2023-04-01,2023-04-10
ACC-00413,2023-04-01,2023-04-28
ACC-00414,2023-09-01,2023-09-07
ACC-00415,2024-02-01,2024-02-19
ACC-00416,2023-07-01,2023-07-22
ACC-00417,2024-12-01,2024-12-21
ACC-00418,2023-11-01,2023-11-30
ACC-00419,2023-11-01,2023-11-17
ACC-00420,2024-09-01,2024-09-24
ACC-00421,2024-11-01,2024-11-19
ACC-00422,2024-06-01,2024-06-07
ACC-00423,2024-07-01,2024-07-04
ACC-00424,2023-05-01,2023-05-24
ACC-00425,2024-05-01,2024-05-11
ACC-00426,2024-12-01,2024-12-02
ACC-00427,2023-08-01,2023-08-14
ACC-00428,2024-05-01,2024-05-22
ACC-00429,2024-01-01,2024-01-11
ACC-00430,2024-03-01,2024-03-11
ACC-00431,2024-04-01,2024-04-05
ACC-00432,2023-08-01,2023-08-31
ACC-00433,2024-03-01,2024-03-14
ACC-00434,2023-12-01,2023-12-26
ACC-00435,2024-08-01,2024-08-09
ACC-00436,2024-02-01,2024-02-26
ACC-00437,2023-09-01,2023-09-13
ACC-00438,2023-05-01,2023-05-26
ACC-00439,2023-04-01,2023-04-06
ACC-00440,2024-05-01,2024-05-14
ACC-00441,2024-04-01,2024-04-14
ACC-00442,2024-03-01,2024-03-15
ACC-00443,2023-05-01,2023-05-14
ACC-00444,2023-04-01,2023-04-12
ACC-00445,2024-04-01,2024-04-12
ACC-00446,2024-10-01,2024-10-27
ACC-00447,2023-03-01,2023-03-26
ACC-00448,2024-12-01,2024-12-17
ACC-00449,2023-03-01,2023-03-21
ACC-00450,2023-05-01,2023-05-04
ACC-00451,2023-04-01,2023-04-15
ACC-00452,2023-05-01,2023-05-17
ACC-00453,2023-06-01,2023-06-18
ACC-00454,2024-12-01,2024-12-04
ACC-00455,2024-01-01,2024-01-29
ACC-00456,2023-09-01,2023-09-12
ACC-00457,2024-11-01,2024-11-05
ACC-00458,2024-10-01,2024-10-23
ACC-00459,2024-05-01,2024-05-26
ACC-00460,2023-11-01,2023-11-21
ACC-00461,2024-04-01,2024-04-27
ACC-00462,2023-02-01,2023-02-10
ACC-00463,2024-03-01,2024-03-01
ACC-00464,2023-03-01,2023-03-27
ACC-00465,2024-02-01,2024-02-05
ACC-00466,2024-03-01,2024-03-23
ACC-00467,2024-04-01,2024-04-09
ACC-00468,2023-01-01,2023-01-13
ACC-00469,2023-09-01,2023-09-23
ACC-00470,2023-01-01,2023-01-31
ACC-00471,2024-10-01,2024-10-04
ACC-00472,2024-01-01,2024-01-12
ACC-00473,2024-06-01,2024-06-05
ACC-00474,2023-06-01,2023-06-03
ACC-00475,2024-11-01,2024-11-02
ACC-00476,2023-03-01,2023-03-21
ACC-00477,2024-06-01,2024-06-12
ACC-00478,2023-11-01,2023-11-15
ACC-00479,2023-11-01,2023-11-08
ACC-00480,2023-07-01,2023-07-20
ACC-00481,2023-01-01,2023-01-25
ACC-00482,2023-01-01,2023-01-02
ACC-00483,2023-09-01,2023-09-01
ACC-00484,2023-02-01,2023-02-14
ACC-00485,2023-03-01,2023-03-28
ACC-00486,2023-03-01,2023-03-05
ACC-00487,2024-02-01,2024-02-07
ACC-00488,2023-07-01,2023-07-27
ACC-00489,2023-11-01,2023-11-18
ACC-00490,2023-09-01,2023-09-29
ACC-00491,2024-09-01,2024-09-09
ACC-00492,2023-12-01,2023-12-31
ACC-00493,2024-02-01,2024-02-19
ACC-00494,2023-05-01,2023-05-24
ACC-00495,2024-02-01,2024-02-15
ACC-00496,2023-03-01,2023-03-18
ACC-00497,2023-12-01,2023-12-06
ACC-00498,2024-02-01,2024-02-09
ACC-00499,2023-10-01,2023-10-09
ACC-00500,2023-10-01,2023-10-30
ACC-00501,2024-03-01,2024-03-05
ACC-00502,2023-01-01,2023-01-20
ACC-00503,2024-08-01,2024-08-02
ACC-00504,2023-10-01,2023-10-15
ACC-00505,2023-06-01,2023-06-13
ACC-00506,2023-02-01,2023-02-27
ACC-00507,2023-06-01,2023-06-27
ACC-00508,2023-01-01,2023-01-29
ACC-00509,2024-05-01,2024-05-19
ACC-00510,2023-01-01,2023-01-21
ACC-00511,2023-07-01,2023-07-01
ACC-00512,2023-05-01,2023-05-26
ACC-00513,2024-11-01,2024-11-09
ACC-00514,2024-03-01,2024-03-23
ACC-00515,2024-12-01,2024-12-11
ACC-00516,2024-01-01,2024-01-23
ACC-00517,2024-08-01,2024-08-09
ACC-00518,2024-09-01,2024-09-18
ACC-00519,2023-09-01,2023-09-01
ACC-00520,2024-11-01,2024-11-17
ACC-00521,2023-03-01,2023-03-11
ACC-00522,2024-03-01,2024-03-05
ACC-00523,2023-04-01,2023-04-14
ACC-00524,2024-04-01,2024-04-07
ACC-00525,2023-03-01,2023-03-17
ACC-00526,2023-04-01,2023-04-06
ACC-00527,2024-10-01,2024-10-31
ACC-00528,2023-07-01,2023-07-14
ACC-00529,2023-11-01,2023-11-01
ACC-00530,2024-01-01,2024-01-05
ACC-00531,2023-04-01,2023-04-10
ACC-00532,2023-11-01,2023-11-12
ACC-00533,2024-02-01,2024-02-01
ACC-00534,2024-04-01,2024-04-21
ACC-00535,2023-04-01,2023-04-10
ACC-00536,2024-07-01,2024-07-20
ACC-00537,2024-05-01,2024-05-01
ACC-00538,2023-02-01,2023-02-05
ACC-00539,2023-05-01,2023-05-04
ACC-00540,2023-07-01,2023-07-17
ACC-00541,2024-10-01,2024-10-04
ACC-00542,2023-03-01,2023-03-31
ACC-00543,2023-01-01,2023-01-13
ACC-00544,2023-06-01,2023-06-01
ACC-00545,2023-04-01,2023-04-14
ACC-00546,2024-11-01,2024-11-01
ACC-00547,2024-09-01,2024-09-15
ACC-00548,2023-02-01,2023-02-20
ACC-00549,2023-11-01,2023-11-07
ACC-00550,2023-08-01,2023-08-22
ACC-00551,2024-03-01,2024-03-02
ACC-00552,2024-05-01,2024-05-11
ACC-00553,2023-11-01,2023-11-15
ACC-00554,2023-06-01,2023-06-27
ACC-00555,2024-01-01,2024-01-05
ACC-00556,2023-05-01,2023-05-07
ACC-00557,2024-04-01,2024-04-30
ACC-00558,2024-12-01,2024-12-06
ACC-00559,2023-08-01,2023-08-08
ACC-00560,2023-01-01,2023-01-21
ACC-00561,2023-06-01,2023-06-27
ACC-00562,2024-12-01,2024-12-27
ACC-00563,2024-04-01,2024-04-22
ACC-00564,2024-11-01,2024-11-09
ACC-00565,2024-12-01,2024-12-01
ACC-00566,2023-09-01,2023-09-25
ACC-00567,2023-09-01,2023-09-04
ACC-00568,2024-11-01,2024-11-28
ACC-00569,2024-02-01,2024-02-19
ACC-00570,2024-12-01,2024-12-31
ACC-00571,2024-06-01,2024-06-03
ACC-00572,2024-04-01,2024-04-27
ACC-00573,2024-11-01,2024-11-27
ACC-00574,2024-03-01,2024-03-06
ACC-00575,2024-04-01,2024-04-26
ACC-00576,2023-07-01,2023-07-19
ACC-00577,2023-06-01,2023-06-04
ACC-00578,2024-04-01,2024-04-13
ACC-00579,2023-07-01,2023-07-01
ACC-00580,2024-08-01,2024-08-13
ACC-00581,2024-10-01,2024-10-10
ACC-00582,2024-01-01,2024-01-18
ACC-00583,2023-01-01,2023-01-05
ACC-00584,2024-01-01,2024-01-28
ACC-00585,2024-04-01,2024-04-11
ACC-00586,2023-12-01,2023-12-17
ACC-00587,2024-02-01,2024-02-18
ACC-00588,2024-05-01,2024-05-31
ACC-00589,2023-09-01,2023-09-19
ACC-00590,2023-01-01,2023-01-21
ACC-00591,2024-12-01,2024-12-19
ACC-00592,2024-11-01,2024-11-09
ACC-00593,2024-06-01,2024-06-07
ACC-00594,2023-07-01,2023-07-24
ACC-00595,2023-06-01,2023-06-14
ACC-00596,2023-01-01,2023-01-03
ACC-00597,2023-04-01,2023-04-03
ACC-00598,2024-04-01,2024-04-12
ACC-00599,2023-02-01,2023-02-10
ACC-00600,2023-02-01,2023-02-16
ACC-00601,2024-09-01,2024-09-28
ACC-00602,2024-02-01,2024-02-14
ACC-00603,2024-10-01,2024-10-26
ACC-00604,2023-06-01,2023-06-13
ACC-00605,2024-09-01,2024-09-17
ACC-00606,2023-05-01,2023-05-14
ACC-00607,2024-11-01,2024-11-01
ACC-00608,2024-08-01,2024-08-01
ACC-00609,2024-09-01,2024-09-25
ACC-00610,2024-01-01,2024-01-30
ACC-00611,2023-06-01,2023-06-10
ACC-00612,2023-11-01,2023-11-25
ACC-00613,2024-02-01,2024-02-17
ACC-00614,2024-05-01,2024-05-25
ACC-00615,2024-02-01,2024-02-27
ACC-00616,2024-10-01,2024-10-14
ACC-00617,2024-01-01,2024-01-08
ACC-00618,2024-09-01,2024-09-06
ACC-00619,2023-08-01,2023-08-16
ACC-00620,2024-01-01,2024-01-18
ACC-00621,2024-02-01,2024-02-24
ACC-00622,2024-04-01,2024-04-13
ACC-00623,2024-10-01,2024-10-10
ACC-00624,2024-05-01,2024-05-31
ACC-00625,2024-08-01,2024-08-22
ACC-00626,2023-05-01,2023-05-12
ACC-00627,2024-03-01,2024-03-04
ACC-00628,2023-10-01,2023-10-29
ACC-00629,2023-11-01,2023-11-03
ACC-00630,2023-08-01,2023-08-11
ACC-00631,2024-12-01,2024-12-28
ACC-00632,2023-04-01,2023-04-29
ACC-00633,2024-11-01,2024-11-21
ACC-00634,2024-06-01,2024-06-19
ACC-00635,2023-06-01,2023-06-14
ACC-00636,2023-07-01,2023-07-28
ACC-00637,2024-07-01,2024-07-29
ACC-00638,2024-12-01,2024-12-13
ACC-00639,2024-12-01,2024-12-02
ACC-00640,2024-03-01,2024-03-29
ACC-00641,2024-07-01,2024-07-13
ACC-00642,2024-11-01,2024-11-30
ACC-00643,2023-10-01,2023-10-13
ACC-00644,2024-12-01,2024-12-27
ACC-00645,2024-10-01,2024-10-02
ACC-00646,2024-12-01,2024-12-25
ACC-00647,2024-03-01,2024-03-01
ACC-00648,2023-12-01,2023-12-06
ACC-00649,2024-10-01,2024-10-26
ACC-00650,2024-09-01,2024-09-28
ACC-00651,2023-04-01,2023-04-27
ACC-00652,2024-01-01,2024-01-19
ACC-00653,2023-11-01,2023-11-25
ACC-00654,2023-01-01,2023-01-08
ACC-00655,2023-04-01,2023-04-17
ACC-00656,2023-03-01,2023-03-15
ACC-00657,2023-02-01,2023-02-25
ACC-00658,2024-02-01,2024-02-22
ACC-00659,2024-07-01,2024-07-01
ACC-00660,2023-03-01,2023-03-16
ACC-00661,2023-10-01,2023-10-16
ACC-00662,2024-06-01,2024-06-30
ACC-00663,2024-10-01,2024-10-11
ACC-00664,2024-01-01,2024-01-18
ACC-00665,2024-08-01,2024-08-09
ACC-00666,2023-12-01,2023-12-19
ACC-00667,2024-09-01,2024-09-23
ACC-00668,2024-07-01,2024-07-16
ACC-00669,2024-08-01,2024-08-17
ACC-00670,2024-09-01,2024-09-26
ACC-00671,2024-12-01,2024-12-11
ACC-00672,2023-01-01,2023-01-05
ACC-00673,2024-01-01,2024-01-04
ACC-00674,2023-11-01,2023-11-09
ACC-00675,2023-05-01,2023-05-24
ACC-00676,2023-01-01,2023-01-20
ACC-00677,2023-08-01,2023-08-06
ACC-00678,2023-06-01,2023-06-02
ACC-00679,2024-04-01,2024-04-20
ACC-00680,2024-09-01,2024-09-20
ACC-00681,2024-08-01,2024-08-02
ACC-00682,2023-08-01,2023-08-13
ACC-00683,2024-06-01,2024-06-14
ACC-00684,2024-10-01,2024-10-26
ACC-00685,2023-09-01,2023-09-27
ACC-00686,2023-03-01,2023-03-21
ACC-00687,2023-12-01,2023-12-20
ACC-00688,2023-06-01,2023-06-19
ACC-00689,2024-09-01,2024-09-08
ACC-00690,2024-05-01,2024-05-08
ACC-00691,2023-09-01,2023-09-07
ACC-00692,2024-08-01,2024-08-09
ACC-00693,2024-07-01,2024-07-31
ACC-00694,2023-08-01,2023-08-10
ACC-00695,2024-09-01,2024-09-07
ACC-00696,2023-06-01,2023-06-21
ACC-00697,2024-01-01,2024-01-30
ACC-00698,2023-06-01,2023-06-03
ACC-00699,2024-06-01,2024-06-28
ACC-00700,2023-01-01,2023-01-02
ACC-00701,2023-02-01,2023-02-14
ACC-00702,2023-12-01,2023-12-25
ACC-00703,2023-05-01,2023-05-18
ACC-00704,2024-07-01,2024-07-10
ACC-00705,2023-05-01,2023-05-01
ACC-00706,2023-04-01,2023-04-20
ACC-00707,2024-01-01,2024-01-10
ACC-00708,2024-07-01,2024-07-24
ACC-00709,2023-12-01,2023-12-19
ACC-00710,2023-08-01,2023-08-24
ACC-00711,2023-12-01,2023-12-13
ACC-00712,2024-10-01,2024-10-13
ACC-00713,2023-03-01,2023-03-07
ACC-00714,2024-02-01,2024-02-15
ACC-00715,2023-06-01,2023-06-29
ACC-00716,2023-10-01,2023-10-20
ACC-00717,2024-11-01,2024-11-21
ACC-00718,2024-02-01,2024-02-14
ACC-00719,2023-03-01,2023-03-12
ACC-00720,2023-12-01,2023-12-22
ACC-00721,2024-08-01,2024-08-11
ACC-00722,2023-12-01,2023-12-15
ACC-00723,2024-08-01,2024-08-11
ACC-00724,2023-12-01,2023-12-14
ACC-00725,2023-04-01,2023-04-30
ACC-00726,2023-11-01,2023-11-20
ACC-00727,2023-10-01,2023-10-22
ACC-00728,2024-05-01,2024-05-02
ACC-00729,2023-07-01,2023-07-14
ACC-00730,2023-07-01,2023-07-27
ACC-00731,2023-03-01,2023-03-22
ACC-00732,2023-02-01,2023-02-13
ACC-00733,2024-08-01,2024-08-11
ACC-00734,2023-08-01,2023-08-16
ACC-00735,2023-02-01,2023-02-03
ACC-00736,2024-12-01,2024-12-16
ACC-00737,2023-04-01,2023-04-14
ACC-00738,2024-04-01,2024-04-27
ACC-00739,2024-01-01,2024-01-17
ACC-00740,2024-12-01,2024-12-03
ACC-00741,2024-01-01,2024-01-26
ACC-00742,2024-03-01,2024-03-07
ACC-00743,2024-05-01,2024-05-13
ACC-00744,2023-03-01,2023-03-03
ACC-00745,2023-09-01,2023-09-24
ACC-00746,2023-05-01,2023-05-05
ACC-00747,2024-07-01,2024-07-05
ACC-00748,2024-04-01,2024-04-02
ACC-00749,2023-06-01,2023-06-21
ACC-00750,2023-03-01,2023-03-15
ACC-00751,2024-09-01,2024-09-11
ACC-00752,2024-08-01,2024-08-24
ACC-00753,2023-08-01,2023-08-29
ACC-00754,2023-04-01,2023-04-16
ACC-00755,2024-06-01,2024-06-20
ACC-00756,2024-02-01,2024-02-04
ACC-00757,2023-06-01,2023-06-24
ACC-00758,2024-07-01,2024-07-07
ACC-00759,2024-08-01,2024-08-28
ACC-00760,2024-10-01,2024-10-16
ACC-00761,2023-11-01,2023-11-12
ACC-00762,2023-05-01,2023-05-20
ACC-00763,2024-05-01,2024-05-03
ACC-00764,2024-07-01,2024-07-15
ACC-00765,2024-10-01,2024-10-23
ACC-00766,2024-09-01,2024-09-19
ACC-00767,2024-02-01,2024-02-27
ACC-00768,2024-04-01,2024-04-08
ACC-00769,2024-07-01,2024-07-01
ACC-00770,2023-01-01,2023-01-09
ACC-00771,2024-05-01,2024-05-25
ACC-00772,2023-05-01,2023-05-30
ACC-00773,2023-09-01,2023-09-14
ACC-00774,2024-03-01,2024-03-29
ACC-00775,2024-11-01,2024-11-12
ACC-00776,2024-10-01,2024-10-06
ACC-00777,2023-11-01,2023-11-02
ACC-00778,2024-10-01,2024-10-10
ACC-00779,2023-09-01,2023-09-06
ACC-00780,2024-01-01,2024-01-16
ACC-00781,2024-10-01,2024-10-02
ACC-00782,2024-05-01,2024-05-14
ACC-00783,2024-03-01,2024-03-25
ACC-00784,2023-02-01,2023-02-10
ACC-00785,2023-07-01,2023-07-11
ACC-00786,2024-07-01,2024-07-21
ACC-00787,2024-04-01,2024-04-09
ACC-00788,2024-01-01,2024-01-08
ACC-00789,2024-02-01,2024-02-01
ACC-00790,2024-02-01,2024-02-24
ACC-00791,2023-05-01,2023-05-13
ACC-00792,2024-10-01,2024-10-19
ACC-00793,2024-01-01,2024-01-11
ACC-00794,2023-03-01,2023-03-23
ACC-00795,2024-01-01,2024-01-13
ACC-00796,2023-11-01,2023-11-08
ACC-00797,2024-01-01,2024-01-30
ACC-00798,2024-07-01,2024-07-25
ACC-00799,2024-11-01,2024-11-12
ACC-00800,2024-11-01,2024-11-04
ACC-00801,2023-11-01,2023-11-29
ACC-00802,2023-09-01,2023-09-04
ACC-00803,2024-04-01,2024-04-08
ACC-00804,2024-06-01,2024-06-14
ACC-00805,2023-11-01,2023-11-19
ACC-00806,2024-07-01,2024-07-23
ACC-00807,2023-09-01,2023-09-29
ACC-00808,2024-02-01,2024-02-14
ACC-00809,2024-05-01,2024-05-14
ACC-00810,2023-11-01,2023-11-04
ACC-00811,2023-12-01,2023-12-09
ACC-00812,2023-08-01,2023-08-21
ACC-00813,2023-02-01,2023-02-25
ACC-00814,2023-08-01,2023-08-15
ACC-00815,2024-08-01,2024-08-12
ACC-00816,2023-03-01,2023-03-26
ACC-00817,2024-03-01,2024-03-20
ACC-00818,2024-10-01,2024-10-29
ACC-00819,2023-09-01,2023-09-30
ACC-00820,2024-03-01,2024-03-09
ACC-00821,2023-06-01,2023-06-23
ACC-00822,2023-02-01,2023-02-15
ACC-00823,2023-03-01,2023-03-29
ACC-00824,2023-10-01,2023-10-22
ACC-00825,2023-08-01,2023-08-03
ACC-00826,2024-09-01,2024-09-29
ACC-00827,2024-11-01,2024-11-10
ACC-00828,2023-10-01,2023-10-05
ACC-00829,2024-11-01,2024-11-06
ACC-00830,2024-01-01,2024-01-25
ACC-00831,2023-04-01,2023-04-01
ACC-00832,2023-09-01,2023-09-11
ACC-00833,2024-12-01,2024-12-01
ACC-00834,2023-03-01,2023-03-05
ACC-00835,2024-07-01,2024-07-22
ACC-00836,2024-01-01,2024-01-27
ACC-00837,2024-08-01,2024-08-09
ACC-00838,2023-07-01,2023-07-31
ACC-00839,2024-12-01,2024-12-06
ACC-00840,2023-05-01,2023-05-29
ACC-00841,2023-05-01,2023-05-02
ACC-00842,2024-02-01,2024-02-28
ACC-00843,2023-10-01,2023-10-08
ACC-00844,2024-09-01,2024-09-23
ACC-00845,2024-01-01,2024-01-03
ACC-00846,2024-10-01,2024-10-27
ACC-00847,2023-02-01,2023-02-03
ACC-00848,2024-11-01,2024-11-18
ACC-00849,2024-09-01,2024-09-23
ACC-00850,2023-02-01,2023-02-12
ACC-00851,2024-08-01,2024-08-08
ACC-00852,2024-04-01,2024-04-07
ACC-00853,2023-02-01,2023-02-10
ACC-00854,2024-02-01,2024-02-12
ACC-00855,2023-02-01,2023-02-25
ACC-00856,2024-05-01,2024-05-27
ACC-00857,2024-02-01,2024-02-28
ACC-00858,2024-04-01,2024-04-10
ACC-00859,2023-05-01,2023-05-07
ACC-00860,2024-06-01,2024-06-07
ACC-00861,2023-12-01,2023-12-10
ACC-00862,2024-12-01,2024-12-30
ACC-00863,2023-07-01,2023-07-05
ACC-00864,2024-04-01,2024-04-14
ACC-00865,2023-08-01,2023-08-11
ACC-00866,2023-09-01,2023-09-08
ACC-00867,2023-07-01,2023-07-09
ACC-00868,2024-09-01,2024-09-09
ACC-00869,2024-11-01,2024-11-19
ACC-00870,2024-04-01,2024-04-11
ACC-00871,2024-01-01,2024-01-24
ACC-00872,2023-05-01,2023-05-05
ACC-00873,2024-09-01,2024-09-18
ACC-00874,2024-12-01,2024-12-06
ACC-00875,2023-09-01,2023-09-23
ACC-00876,2024-06-01,2024-06-16
ACC-00877,2023-10-01,2023-10-25
ACC-00878,2023-08-01,2023-08-01
ACC-00879,2024-10-01,2024-10-14
ACC-00880,2023-11-01,2023-11-04
ACC-00881,2024-08-01,2024-08-05
ACC-00882,2024-11-01,2024-11-19
ACC-00883,2024-04-01,2024-04-16
ACC-00884,2023-02-01,2023-02-27
ACC-00885,2023-08-01,2023-08-02
ACC-00886,2023-06-01,2023-06-02
ACC-00887,2024-08-01,2024-08-07
ACC-00888,2023-11-01,2023-11-19
ACC-00889,2023-11-01,2023-11-06
ACC-00890,2023-04-01,2023-04-05
ACC-00891,2024-05-01,2024-05-10
ACC-00892,2024-06-01,2024-06-12
ACC-00893,2024-06-01,2024-06-18
ACC-00894,2023-12-01,2023-12-08
ACC-00895,2024-08-01,2024-08-14
ACC-00896,2024-06-01,2024-06-29
ACC-00897,2023-01-01,2023-01-16
ACC-00898,2023-10-01,2023-10-05
ACC-00899,2024-09-01,2024-09-19
ACC-00900,2023-02-01,2023-02-21
ACC-00901,2024-08-01,2024-08-29
ACC-00902,2023-07-01,2023-07-22
ACC-00903,2024-04-01,2024-04-21
ACC-00904,2023-11-01,2023-11-14
ACC-00905,2024-09-01,2024-09-23
ACC-00906,2023-11-01,2023-11-29
ACC-00907,2023-06-01,2023-06-24
ACC-00908,2023-04-01,2023-04-20
ACC-00909,2024-02-01,2024-02-28
ACC-00910,2023-08-01,2023-08-02
ACC-00911,2024-07-01,2024-07-11
ACC-00912,2024-05-01,2024-05-13
ACC-00913,2023-11-01,2023-11-12
ACC-00914,2024-01-01,2024-01-24
ACC-00915,2024-08-01,2024-08-17
ACC-00916,2024-06-01,2024-06-28
ACC-00917,2023-11-01,2023-11-03
ACC-00918,2023-12-01,2023-12-19
ACC-00919,2023-10-01,2023-10-29
ACC-00920,2024-01-01,2024-01-03
ACC-00921,2024-10-01,2024-10-02
ACC-00922,2024-05-01,2024-05-01
ACC-00923,2023-10-01,2023-10-23
ACC-00924,2024-05-01,2024-05-13
ACC-00925,2024-04-01,2024-04-11
ACC-00926,2024-03-01,2024-03-10
ACC-00927,2024-08-01,2024-08-14
ACC-00928,2024-08-01,2024-08-13
ACC-00929,2024-05-01,2024-05-08
ACC-00930,2023-10-01,2023-10-14
ACC-00931,2024-11-01,2024-11-10
ACC-00932,2023-02-01,2023-02-24
ACC-00933,2024-08-01,2024-08-10
ACC-00934,2023-02-01,2023-02-06
ACC-00935,2024-10-01,2024-10-06
ACC-00936,2024-10-01,2024-10-01
ACC-00937,2023-09-01,2023-09-16
ACC-00938,2023-06-01,2023-06-28
ACC-00939,2024-12-01,2024-12-18
ACC-00940,2023-05-01,2023-05-29
ACC-00941,2024-01-01,2024-01-28
ACC-00942,2023-12-01,2023-12-20
ACC-00943,2024-05-01,2024-05-02
ACC-00944,2024-12-01,2024-12-23
ACC-00945,2024-04-01,2024-04-04
ACC-00946,2024-06-01,2024-06-28
ACC-00947,2023-12-01,2023-12-10
ACC-00948,2024-11-01,2024-11-22
ACC-00949,2024-12-01,2024-12-07
ACC-00950,2024-02-01,2024-02-26
ACC-00951,2023-07-01,2023-07-17
ACC-00952,2023-08-01,2023-08-11
ACC-00953,2023-05-01,2023-05-14
ACC-00954,2023-04-01,2023-04-24
ACC-00955,2023-10-01,2023-10-11
ACC-00956,2023-03-01,2023-03-17
ACC-00957,2023-09-01,2023-09-29
ACC-00958,2024-10-01,2024-10-22
ACC-00959,2024-03-01,2024-03-28
ACC-00960,2024-04-01,2024-04-01
ACC-00961,2024-02-01,2024-02-04
ACC-00962,2024-05-01,2024-05-17
ACC-00963,2023-08-01,2023-08-20
ACC-00964,2024-01-01,2024-01-03
ACC-00965,2024-01-01,2024-01-10
ACC-00966,2024-10-01,2024-10-25
ACC-00967,2024-02-01,2024-02-04
ACC-00968,2023-07-01,2023-07-14
ACC-00969,2023-03-01,2023-03-06
ACC-00970,2023-01-01,2023-01-17
ACC-00971,2024-10-01,2024-10-31
ACC-00972,2024-08-01,2024-08-16
ACC-00973,2024-09-01,2024-09-25
ACC-00974,2023-11-01,2023-11-11
ACC-00975,2023-04-01,2023-04-19
ACC-00976,2023-12-01,2023-12-12
ACC-00977,2024-08-01,2024-08-12
ACC-00978,2023-06-01,2023-06-27
ACC-00979,2024-07-01,2024-07-20
ACC-00980,2024-10-01,2024-10-09
ACC-00981,2023-07-01,2023-07-03
ACC-00982,2024-05-01,2024-05-02
ACC-00983,2023-06-01,2023-06-28
ACC-00984,2024-10-01,2024-10-04
ACC-00985,2024-06-01,2024-06-26
ACC-00986,2024-04-01,2024-04-20
ACC-00987,2024-12-01,2024-12-02
ACC-00988,2023-02-01,2023-02-25
ACC-00989,2024-04-01,2024-04-09
ACC-00990,2024-05-01,2024-05-11
ACC-00991,2024-03-01,2024-03-05
ACC-00992,2023-04-01,2023-04-11
ACC-00993,2024-08-01,2024-08-22
ACC-00994,2024-02-01,2024-02-01
ACC-00995,2023-12-01,2023-12-10
ACC-00996,2024-04-01,2024-04-14
ACC-00997,2024-10-01,2024-10-15
ACC-00998,2024-02-01,2024-02-26
ACC-00999,2023-10-01,2023-10-13
ACC-01000,2023-08-01,2023-08-16
