cohort_month,months_since_cohort,initial_plan,acquisition_channel,start_mrr,cohort_mrr,grr,nrr,logo_retention_rate
2024-12-01,0,Basic,Organic,1016.74,1016.74,1,1,100.00
2024-12-01,0,Basic,Outbound,679.19,679.19,1,1,100.00
2024-12-01,0,Basic,"Paid Search",1099.29,1099.29,1,1,100.00
2024-12-01,0,Basic,Partner,588.46,588.46,1,1,100.00
2024-12-01,0,Enterprise,Organic,18348.3,18348.3,1,1,100.00
2024-12-01,0,Enterprise,Outbound,3417.41,3417.41,1,1,100.00
2024-12-01,0,Enterprise,"Paid Search",12948.58,12948.58,1,1,100.00
2024-12-01,0,Enterprise,Partner,12452.9,12452.9,1,1,100.00
2024-12-01,0,Pro,Organic,3579.92,3579.92,1,1,100.00
2024-12-01,0,Pro,Outbound,2691.68,2691.68,1,1,100.00
2024-12-01,0,Pro,"Paid Search",2418.06,2418.06,1,1,100.00
2024-12-01,0,Pro,Partner,1441.84,1441.84,1,1,100.00
2024-11-01,0,Basic,Organic,1268.68,1268.68,1,1,100.00
2024-11-01,1,Basic,Organic,1268.68,1237.94,0.9546,0.9758,92.06
2024-11-01,0,Basic,Outbound,594.38,594.38,1,1,100.00
2024-11-01,1,Basic,Outbound,594.38,494.27,0.8152,0.8316,92.06
2024-11-01,0,Basic,"Paid Search",775.77,775.77,1,1,100.00
2024-11-01,1,Basic,"Paid Search",775.77,618.1,0.7968,0.7968,92.06
2024-11-01,0,Basic,Partner,474.85,474.85,1,1,100.00
2024-11-01,1,Basic,Partner,474.85,474.85,1,1,92.06
2024-11-01,0,Enterprise,Organic,8707.03,8707.03,1,1,100.00
2024-11-01,1,Enterprise,Organic,8707.03,8707.03,1,1,92.06
2024-11-01,0,Enterprise,Outbound,2891.9,2891.9,1,1,100.00
2024-11-01,1,Enterprise,Outbound,2891.9,2891.9,1,1,92.06
2024-11-01,0,Enterprise,"Paid Search",9257.23,9257.23,1,1,100.00
2024-11-01,1,Enterprise,"Paid Search",9257.23,9257.23,1,1,92.06
2024-11-01,0,Enterprise,Partner,11580.6,11580.6,1,1,100.00
2024-11-01,1,Enterprise,Partner,11580.6,11895.01,1,1.0271,92.06
2024-11-01,0,Pro,Organic,3919.32,3919.32,1,1,100.00
2024-11-01,1,Pro,Organic,3919.32,3942.56,0.984,1.0059,92.06
2024-11-01,0,Pro,"Paid Search",2100.29,2100.29,1,1,100.00
2024-11-01,1,Pro,"Paid Search",2100.29,1611.47,0.7673,0.7673,92.06
2024-11-01,0,Pro,Partner,1757.7,1757.7,1,1,100.00
2024-11-01,1,Pro,Partner,1757.7,1757.7,1,1,92.06
2024-10-01,0,Basic,Organic,1209.61,1209.61,1,1,100.00
2024-10-01,1,Basic,Organic,1209.61,1222.2,1,1.0104,88.73
2024-10-01,2,Basic,Organic,1209.61,1160.81,0.9492,0.9492,84.51
2024-10-01,0,Basic,Outbound,257.34,257.34,1,1,100.00
2024-10-01,1,Basic,Outbound,257.34,143.02,0.5558,0.5558,88.73
2024-10-01,2,Basic,Outbound,257.34,143.02,1,1,84.51
2024-10-01,0,Basic,"Paid Search",526.53,526.53,1,1,100.00
2024-10-01,1,Basic,"Paid Search",526.53,383.2,0.7278,0.7278,88.73
2024-10-01,2,Basic,"Paid Search",526.53,325.9,0.8912,0.8912,84.51
2024-10-01,0,Basic,Partner,373.76,373.76,1,1,100.00
2024-10-01,1,Basic,Partner,373.76,285.6,0.7641,0.7641,88.73
2024-10-01,2,Basic,Partner,373.76,311.71,1,1.0699,84.51
2024-10-01,0,Enterprise,Organic,10898.33,10898.33,1,1,100.00
2024-10-01,1,Enterprise,Organic,10898.33,11835.7,1,1.086,88.73
2024-10-01,2,Enterprise,Organic,10898.33,12055.11,1,1.0201,84.51
2024-10-01,0,Enterprise,Outbound,1150.08,1150.08,1,1,100.00
2024-10-01,1,Enterprise,Outbound,1150.08,1150.08,1,1,88.73
2024-10-01,2,Enterprise,Outbound,1150.08,1150.08,1,1,84.51
2024-10-01,0,Enterprise,"Paid Search",17063.73,17063.73,1,1,100.00
2024-10-01,1,Enterprise,"Paid Search",17063.73,17274.49,1,1.0124,88.73
2024-10-01,2,Enterprise,"Paid Search",17063.73,18683.16,1,1.0826,84.51
2024-10-01,0,Enterprise,Partner,10447.84,10447.84,1,1,100.00
2024-10-01,1,Enterprise,Partner,10447.84,10447.84,1,1,88.73
2024-10-01,2,Enterprise,Partner,10447.84,11205.29,1,1.0725,84.51
2024-10-01,0,Pro,Organic,5322.01,5322.01,1,1,100.00
2024-10-01,1,Pro,Organic,5322.01,4238.54,0.7964,0.7964,88.73
2024-10-01,2,Pro,Organic,5322.01,4238.54,1,1,84.51
2024-10-01,0,Pro,Outbound,1303.97,1303.97,1,1,100.00
2024-10-01,1,Pro,Outbound,1303.97,1303.97,1,1,88.73
2024-10-01,2,Pro,Outbound,1303.97,779.6,0.5979,0.5979,84.51
2024-10-01,0,Pro,"Paid Search",2897.69,2897.69,1,1,100.00
2024-10-01,1,Pro,"Paid Search",2897.69,2448.33,0.8449,0.8449,88.73
2024-10-01,2,Pro,"Paid Search",2897.69,2448.33,1,1,84.51
2024-10-01,0,Pro,Partner,2729.91,2729.91,1,1,100.00
2024-10-01,1,Pro,Partner,2729.91,2776.45,1,1.017,88.73
2024-10-01,2,Pro,Partner,2729.91,2776.45,1,1,84.51
2024-09-01,0,Basic,Organic,645.5,645.5,1,1,100.00
2024-09-01,1,Basic,Organic,645.5,652.13,0.9815,1.0103,88.00
2024-09-01,2,Basic,Organic,645.5,575.13,0.8807,0.8807,82.00
2024-09-01,3,Basic,Organic,645.5,580.7,0.9955,1.0086,80.00
2024-09-01,0,Basic,Outbound,326.16,326.16,1,1,100.00
2024-09-01,1,Basic,Outbound,326.16,326.16,1,1,88.00
2024-09-01,2,Basic,Outbound,326.16,326.16,1,1,82.00
2024-09-01,3,Basic,Outbound,326.16,331.57,1,1.0166,80.00
2024-09-01,0,Basic,"Paid Search",614.99,614.99,1,1,100.00
2024-09-01,1,Basic,"Paid Search",614.99,488.31,0.794,0.794,88.00
2024-09-01,2,Basic,"Paid Search",614.99,514.16,1,1.042,82.00
2024-09-01,3,Basic,"Paid Search",614.99,514.16,1,1,80.00
2024-09-01,0,Basic,Partner,633.42,633.42,1,1,100.00
2024-09-01,1,Basic,Partner,633.42,429.56,0.6782,0.6782,88.00
2024-09-01,2,Basic,Partner,633.42,437.07,1,1.0119,82.00
2024-09-01,3,Basic,Partner,633.42,456.52,1,1.0307,80.00
2024-09-01,0,Enterprise,Organic,10992.05,10992.05,1,1,100.00
2024-09-01,1,Enterprise,Organic,10992.05,10685.26,0.9721,0.9721,88.00
2024-09-01,2,Enterprise,Organic,10992.05,10952.61,1,1.0243,82.00
2024-09-01,3,Enterprise,Organic,10992.05,10816,0.9876,0.9876,80.00
2024-09-01,0,Enterprise,Outbound,1358.44,1358.44,1,1,100.00
2024-09-01,1,Enterprise,Outbound,1358.44,1358.44,1,1,88.00
2024-09-01,2,Enterprise,Outbound,1358.44,1358.44,1,1,82.00
2024-09-01,3,Enterprise,Outbound,1358.44,1358.44,1,1,80.00
2024-09-01,0,Enterprise,"Paid Search",13328.35,13328.35,1,1,100.00
2024-09-01,1,Enterprise,"Paid Search",13328.35,13328.35,1,1,88.00
2024-09-01,2,Enterprise,"Paid Search",13328.35,8904.84,0.6681,0.6681,82.00
2024-09-01,3,Enterprise,"Paid Search",13328.35,9849.26,1,1.0709,80.00
2024-09-01,0,Enterprise,Partner,3863.84,3863.84,1,1,100.00
2024-09-01,1,Enterprise,Partner,3863.84,3863.84,1,1,88.00
2024-09-01,2,Enterprise,Partner,3863.84,3863.84,1,1,82.00
2024-09-01,3,Enterprise,Partner,3863.84,3863.84,1,1,80.00
2024-09-01,0,Pro,Organic,1706.05,1706.05,1,1,100.00
2024-09-01,1,Pro,Organic,1706.05,1663.69,0.9752,0.9752,88.00
2024-09-01,2,Pro,Organic,1706.05,1335.11,0.8074,0.8074,82.00
2024-09-01,3,Pro,Organic,1706.05,1344.69,0.981,1.0056,80.00
2024-09-01,0,Pro,Outbound,1437.61,1437.61,1,1,100.00
2024-09-01,1,Pro,Outbound,1437.61,1017.29,0.7076,0.7076,88.00
2024-09-01,2,Pro,Outbound,1437.61,1017.29,1,1,82.00
2024-09-01,3,Pro,Outbound,1437.61,1017.29,1,1,80.00
2024-09-01,0,Pro,"Paid Search",1277.02,1277.02,1,1,100.00
2024-09-01,1,Pro,"Paid Search",1277.02,862.27,0.6752,0.6752,88.00
2024-09-01,2,Pro,"Paid Search",1277.02,862.27,1,1,82.00
2024-09-01,3,Pro,"Paid Search",1277.02,379.51,0.622,0.622,80.00
2024-09-01,0,Pro,Partner,1610.29,1610.29,1,1,100.00
2024-09-01,1,Pro,Partner,1610.29,1104.03,0.6856,0.6856,88.00
2024-09-01,2,Pro,Partner,1610.29,1135.21,1,1.0194,82.00
2024-09-01,3,Pro,Partner,1610.29,1135.21,1,1,80.00
2024-08-01,0,Basic,Organic,1290.6,1290.6,1,1,100.00
2024-08-01,1,Basic,Organic,1290.6,1153.07,0.8934,0.8934,88.00
2024-08-01,2,Basic,Organic,1290.6,1188.85,1,1.0277,84.00
2024-08-01,3,Basic,Organic,1290.6,1134.29,0.9328,0.9577,81.33
2024-08-01,4,Basic,Organic,1290.6,1015.02,0.9076,0.9076,78.67
2024-08-01,0,Basic,Outbound,729.37,729.37,1,1,100.00
2024-08-01,1,Basic,Outbound,729.37,441.97,0.606,0.606,88.00
2024-08-01,2,Basic,Outbound,729.37,441.97,1,1,84.00
2024-08-01,3,Basic,Outbound,729.37,450.49,1,1.0117,81.33
2024-08-01,4,Basic,Outbound,729.37,450.49,1,1,78.67
2024-08-01,0,Basic,"Paid Search",905.47,905.47,1,1,100.00
2024-08-01,1,Basic,"Paid Search",905.47,905.47,1,1,88.00
2024-08-01,2,Basic,"Paid Search",905.47,837.49,0.9249,0.9249,84.00
2024-08-01,3,Basic,"Paid Search",905.47,697.18,0.845,0.845,81.33
2024-08-01,4,Basic,"Paid Search",905.47,541.51,0.8281,0.8281,78.67
2024-08-01,0,Basic,Partner,352.85,352.85,1,1,100.00
2024-08-01,1,Basic,Partner,352.85,365.86,1,1.0369,88.00
2024-08-01,2,Basic,Partner,352.85,365.86,1,1,84.00
2024-08-01,3,Basic,Partner,352.85,374.67,1,1.025,81.33
2024-08-01,4,Basic,Partner,352.85,389.77,0.9789,1.0428,78.67
2024-08-01,0,Enterprise,Organic,21087.09,21087.09,1,1,100.00
2024-08-01,1,Enterprise,Organic,21087.09,21396.31,1,1.0147,88.00
2024-08-01,2,Enterprise,Organic,21087.09,21396.31,1,1,84.00
2024-08-01,3,Enterprise,Organic,21087.09,21396.31,1,1,81.33
2024-08-01,4,Enterprise,Organic,21087.09,22234.87,1,1.0398,78.67
2024-08-01,0,Enterprise,Outbound,2937.14,2937.14,1,1,100.00
2024-08-01,1,Enterprise,Outbound,2937.14,2937.14,1,1,88.00
2024-08-01,2,Enterprise,Outbound,2937.14,2937.14,1,1,84.00
2024-08-01,3,Enterprise,Outbound,2937.14,2937.14,1,1,81.33
2024-08-01,4,Enterprise,Outbound,2937.14,2937.14,1,1,78.67
2024-08-01,0,Enterprise,"Paid Search",7304.56,7304.56,1,1,100.00
2024-08-01,1,Enterprise,"Paid Search",7304.56,7526.46,1,1.0304,88.00
2024-08-01,2,Enterprise,"Paid Search",7304.56,7526.46,1,1,84.00
2024-08-01,3,Enterprise,"Paid Search",7304.56,8307.69,1,1.107,81.33
2024-08-01,4,Enterprise,"Paid Search",7304.56,10102.74,1,1.2457,78.67
2024-08-01,0,Enterprise,Partner,2312.12,2312.12,1,1,100.00
2024-08-01,1,Enterprise,Partner,2312.12,2312.12,1,1,88.00
2024-08-01,2,Enterprise,Partner,2312.12,2312.12,1,1,84.00
2024-08-01,3,Enterprise,Partner,2312.12,2312.12,1,1,81.33
2024-08-01,4,Enterprise,Partner,2312.12,2312.12,1,1,78.67
2024-08-01,0,Pro,Organic,6759.71,6759.71,1,1,100.00
2024-08-01,1,Pro,Organic,6759.71,6155.08,0.9106,0.9106,88.00
2024-08-01,2,Pro,Organic,6759.71,5364.9,0.8661,0.8831,84.00
2024-08-01,3,Pro,Organic,6759.71,5446.99,1,1.0121,81.33
2024-08-01,4,Pro,Organic,6759.71,5446.99,1,1,78.67
2024-08-01,0,Pro,"Paid Search",4142.45,4142.45,1,1,100.00
2024-08-01,1,Pro,"Paid Search",4142.45,3581.53,0.8646,0.8646,88.00
2024-08-01,2,Pro,"Paid Search",4142.45,3668.54,1,1.021,84.00
2024-08-01,3,Pro,"Paid Search",4142.45,3694.16,0.98,1.0062,81.33
2024-08-01,4,Pro,"Paid Search",4142.45,3694.16,1,1,78.67
2024-08-01,0,Pro,Partner,1855.62,1855.62,1,1,100.00
2024-08-01,1,Pro,Partner,1855.62,1065.38,0.5741,0.5741,88.00
2024-08-01,2,Pro,Partner,1855.62,1065.38,1,1,84.00
2024-08-01,3,Pro,Partner,1855.62,1065.38,1,1,81.33
2024-08-01,4,Pro,Partner,1855.62,1007.27,0.9687,0.9687,78.67
2024-07-01,0,Basic,Organic,849.82,849.82,1,1,100.00
2024-07-01,1,Basic,Organic,849.82,865.78,1,1.0188,87.27
2024-07-01,2,Basic,Organic,849.82,651.61,0.748,0.748,80.00
2024-07-01,3,Basic,Organic,849.82,447.74,0.7601,0.7601,74.55
2024-07-01,4,Basic,Organic,849.82,447.74,1,1,70.91
2024-07-01,5,Basic,Organic,849.82,447.74,1,1,67.27
2024-07-01,0,Basic,Outbound,247.52,247.52,1,1,100.00
2024-07-01,1,Basic,Outbound,247.52,125,0.505,0.505,87.27
2024-07-01,2,Basic,Outbound,247.52,125,1,1,80.00
2024-07-01,3,Basic,Outbound,247.52,125,1,1,74.55
2024-07-01,4,Basic,Outbound,247.52,125,1,1,70.91
2024-07-01,5,Basic,Outbound,247.52,125,1,1,67.27
2024-07-01,0,Basic,"Paid Search",1081.19,1081.19,1,1,100.00
2024-07-01,1,Basic,"Paid Search",1081.19,626.23,0.5792,0.5792,87.27
2024-07-01,2,Basic,"Paid Search",1081.19,626.23,1,1,80.00
2024-07-01,3,Basic,"Paid Search",1081.19,564.64,0.9306,0.943,74.55
2024-07-01,4,Basic,"Paid Search",1081.19,481.93,0.9235,0.9235,70.91
2024-07-01,5,Basic,"Paid Search",1081.19,481.93,1,1,67.27
2024-07-01,0,Basic,Partner,220.37,220.37,1,1,100.00
2024-07-01,1,Basic,Partner,220.37,121.74,0.5524,0.5524,87.27
2024-07-01,2,Basic,Partner,220.37,121.74,1,1,80.00
2024-07-01,3,Basic,Partner,220.37,121.74,1,1,74.55
2024-07-01,4,Basic,Partner,220.37,121.74,1,1,70.91
2024-07-01,5,Basic,Partner,220.37,121.74,1,1,67.27
2024-07-01,0,Enterprise,Organic,3164.57,3164.57,1,1,100.00
2024-07-01,1,Enterprise,Organic,3164.57,3164.57,1,1,87.27
2024-07-01,2,Enterprise,Organic,3164.57,3164.57,1,1,80.00
2024-07-01,3,Enterprise,Organic,3164.57,3164.57,1,1,74.55
2024-07-01,4,Enterprise,Organic,3164.57,3164.57,1,1,70.91
2024-07-01,5,Enterprise,Organic,3164.57,3331.58,1,1.0528,67.27
2024-07-01,0,Enterprise,Outbound,3300.53,3300.53,1,1,100.00
2024-07-01,1,Enterprise,Outbound,3300.53,3300.53,1,1,87.27
2024-07-01,2,Enterprise,Outbound,3300.53,3300.53,1,1,80.00
2024-07-01,3,Enterprise,Outbound,3300.53,3300.53,1,1,74.55
2024-07-01,4,Enterprise,Outbound,3300.53,3300.53,1,1,70.91
2024-07-01,5,Enterprise,Outbound,3300.53,3300.53,1,1,67.27
2024-07-01,0,Enterprise,"Paid Search",8099,8099,1,1,100.00
2024-07-01,1,Enterprise,"Paid Search",8099,8508.29,1,1.0505,87.27
2024-07-01,2,Enterprise,"Paid Search",8099,9373.18,1,1.1068,80.00
2024-07-01,3,Enterprise,"Paid Search",8099,9526.17,1,1.0189,74.55
2024-07-01,4,Enterprise,"Paid Search",8099,9526.17,1,1,70.91
2024-07-01,5,Enterprise,"Paid Search",8099,7486.68,0.7482,0.7482,67.27
2024-07-01,0,Enterprise,Partner,4873.7,4873.7,1,1,100.00
2024-07-01,1,Enterprise,Partner,4873.7,5835.39,1,1.1973,87.27
2024-07-01,2,Enterprise,Partner,4873.7,6345.57,1,1.1047,80.00
2024-07-01,3,Enterprise,Partner,4873.7,6345.57,1,1,74.55
2024-07-01,4,Enterprise,Partner,4873.7,6971.73,1,1.1285,70.91
2024-07-01,5,Enterprise,Partner,4873.7,7704.75,1,1.1504,67.27
2024-07-01,0,Pro,Organic,3214.67,3214.67,1,1,100.00
2024-07-01,1,Pro,Organic,3214.67,2636.03,0.82,0.82,87.27
2024-07-01,2,Pro,Organic,3214.67,2701.16,1,1.0203,80.00
2024-07-01,3,Pro,Organic,3214.67,2799.91,1,1.0307,74.55
2024-07-01,4,Pro,Organic,3214.67,2859.34,1,1.0185,70.91
2024-07-01,5,Pro,Organic,3214.67,2443.19,0.8522,0.8705,67.27
2024-07-01,0,Pro,Outbound,828.5,828.5,1,1,100.00
2024-07-01,1,Pro,Outbound,828.5,828.5,1,1,87.27
2024-07-01,2,Pro,Outbound,828.5,341.98,0.4128,0.4128,80.00
2024-07-01,3,Pro,Outbound,828.5,341.98,1,1,74.55
2024-07-01,4,Pro,Outbound,828.5,341.98,1,1,70.91
2024-07-01,5,Pro,Outbound,828.5,341.98,1,1,67.27
2024-07-01,0,Pro,"Paid Search",2304.26,2304.26,1,1,100.00
2024-07-01,1,Pro,"Paid Search",2304.26,2270.34,0.9853,0.9853,87.27
2024-07-01,2,Pro,"Paid Search",2304.26,1925.82,0.8285,0.8505,80.00
2024-07-01,3,Pro,"Paid Search",2304.26,1964.84,1,1.0169,74.55
2024-07-01,4,Pro,"Paid Search",2304.26,1606.8,0.8283,0.8446,70.91
2024-07-01,5,Pro,"Paid Search",2304.26,1606.8,1,1,67.27
2024-07-01,0,Pro,Partner,2772.37,2772.37,1,1,100.00
2024-07-01,1,Pro,Partner,2772.37,2719.04,0.9808,0.9808,87.27
2024-07-01,2,Pro,Partner,2772.37,2677.56,0.985,0.985,80.00
2024-07-01,3,Pro,Partner,2772.37,2793.71,1,1.0419,74.55
2024-07-01,4,Pro,Partner,2772.37,2793.71,1,1,70.91
2024-07-01,5,Pro,Partner,2772.37,2882.89,0.9891,1.0322,67.27
2024-06-01,0,Basic,Organic,620.89,620.89,1,1,100.00
2024-06-01,1,Basic,Organic,620.89,421.22,0.6784,0.6784,77.19
2024-06-01,2,Basic,Organic,620.89,421.22,1,1,73.68
2024-06-01,3,Basic,Organic,620.89,430.08,1,1.0143,64.91
2024-06-01,4,Basic,Organic,620.89,430.08,1,1,64.91
2024-06-01,5,Basic,Organic,620.89,286.94,0.7695,0.7695,61.40
2024-06-01,6,Basic,Organic,620.89,286.94,1,1,54.39
2024-06-01,0,Basic,Outbound,680.24,680.24,1,1,100.00
2024-06-01,1,Basic,Outbound,680.24,491.36,0.7223,0.7223,77.19
2024-06-01,2,Basic,Outbound,680.24,491.36,1,1,73.68
2024-06-01,3,Basic,Outbound,680.24,277.06,0.685,0.685,64.91
2024-06-01,4,Basic,Outbound,680.24,277.06,1,1,64.91
2024-06-01,5,Basic,Outbound,680.24,277.06,1,1,61.40
2024-06-01,6,Basic,Outbound,680.24,277.06,1,1,54.39
2024-06-01,0,Basic,"Paid Search",611.14,611.14,1,1,100.00
2024-06-01,1,Basic,"Paid Search",611.14,402.36,0.6584,0.6584,77.19
2024-06-01,2,Basic,"Paid Search",611.14,225.53,0.7107,0.7107,73.68
2024-06-01,3,Basic,"Paid Search",611.14,225.53,1,1,64.91
2024-06-01,4,Basic,"Paid Search",611.14,225.53,1,1,64.91
2024-06-01,5,Basic,"Paid Search",611.14,241.23,1,1.0257,61.40
2024-06-01,6,Basic,"Paid Search",611.14,120.66,0.8027,0.8027,54.39
2024-06-01,0,Basic,Partner,399.45,399.45,1,1,100.00
2024-06-01,1,Basic,Partner,399.45,323.02,0.7714,0.8087,77.19
2024-06-01,2,Basic,Partner,399.45,323.02,1,1,73.68
2024-06-01,3,Basic,Partner,399.45,245.9,0.8069,0.8069,64.91
2024-06-01,4,Basic,Partner,399.45,255.03,1,1.0229,64.91
2024-06-01,5,Basic,Partner,399.45,272.7,1,1.0442,61.40
2024-06-01,6,Basic,Partner,399.45,272.7,1,1,54.39
2024-06-01,0,Enterprise,Organic,16727.98,16727.98,1,1,100.00
2024-06-01,1,Enterprise,Organic,16727.98,17410.76,1,1.0408,77.19
2024-06-01,2,Enterprise,Organic,16727.98,17410.76,1,1,73.68
2024-06-01,3,Enterprise,Organic,16727.98,17410.76,1,1,64.91
2024-06-01,4,Enterprise,Organic,16727.98,17056.23,0.9788,0.9788,64.91
2024-06-01,5,Enterprise,Organic,16727.98,12257.2,0.7131,0.7131,61.40
2024-06-01,6,Enterprise,Organic,16727.98,12257.2,1,1,54.39
2024-06-01,0,Enterprise,Outbound,5291.18,5291.18,1,1,100.00
2024-06-01,1,Enterprise,Outbound,5291.18,5291.18,1,1,77.19
2024-06-01,2,Enterprise,Outbound,5291.18,5950.59,1,1.1246,73.68
2024-06-01,3,Enterprise,Outbound,5291.18,4841.74,0.7904,0.7904,64.91
2024-06-01,4,Enterprise,Outbound,5291.18,5271.54,1,1.0812,64.91
2024-06-01,5,Enterprise,Outbound,5291.18,5271.54,1,1,61.40
2024-06-01,6,Enterprise,Outbound,5291.18,5271.54,1,1,54.39
2024-06-01,0,Enterprise,"Paid Search",11227,11227,1,1,100.00
2024-06-01,1,Enterprise,"Paid Search",11227,6346.03,0.5652,0.5652,77.19
2024-06-01,2,Enterprise,"Paid Search",11227,6346.03,1,1,73.68
2024-06-01,3,Enterprise,"Paid Search",11227,6346.03,1,1,64.91
2024-06-01,4,Enterprise,"Paid Search",11227,6707.65,1,1.0322,64.91
2024-06-01,5,Enterprise,"Paid Search",11227,6707.65,1,1,61.40
2024-06-01,6,Enterprise,"Paid Search",11227,4870.43,0.8364,0.8364,54.39
2024-06-01,0,Enterprise,Partner,3907.65,3907.65,1,1,100.00
2024-06-01,1,Enterprise,Partner,3907.65,3907.65,1,1,77.19
2024-06-01,2,Enterprise,Partner,3907.65,3907.65,1,1,73.68
2024-06-01,3,Enterprise,Partner,3907.65,3907.65,1,1,64.91
2024-06-01,4,Enterprise,Partner,3907.65,3907.65,1,1,64.91
2024-06-01,5,Enterprise,Partner,3907.65,3907.65,1,1,61.40
2024-06-01,6,Enterprise,Partner,3907.65,0,0,0,54.39
2024-06-01,0,Pro,Organic,3621.29,3621.29,1,1,100.00
2024-06-01,1,Pro,Organic,3621.29,3095.95,0.8549,0.8549,77.19
2024-06-01,2,Pro,Organic,3621.29,3095.95,1,1,73.68
2024-06-01,3,Pro,Organic,3621.29,3056.27,0.989,0.989,64.91
2024-06-01,4,Pro,Organic,3621.29,3056.27,1,1,64.91
2024-06-01,5,Pro,Organic,3621.29,3187.96,1,1.0364,61.40
2024-06-01,6,Pro,Organic,3621.29,3241.95,0.986,1.0149,54.39
2024-06-01,0,Pro,Outbound,1659.07,1659.07,1,1,100.00
2024-06-01,1,Pro,Outbound,1659.07,1241.86,0.7485,0.7485,77.19
2024-06-01,2,Pro,Outbound,1659.07,1298.65,1,1.0342,73.68
2024-06-01,3,Pro,Outbound,1659.07,1295.49,0.9844,0.9981,64.91
2024-06-01,4,Pro,Outbound,1659.07,1295.49,1,1,64.91
2024-06-01,5,Pro,Outbound,1659.07,1295.49,1,1,61.40
2024-06-01,6,Pro,Outbound,1659.07,1022.92,0.8357,0.8357,54.39
2024-06-01,0,Pro,"Paid Search",1512.79,1512.79,1,1,100.00
2024-06-01,1,Pro,"Paid Search",1512.79,784.31,0.5185,0.5185,77.19
2024-06-01,2,Pro,"Paid Search",1512.79,784.31,1,1,73.68
2024-06-01,3,Pro,"Paid Search",1512.79,723.06,0.9595,0.9595,64.91
2024-06-01,4,Pro,"Paid Search",1512.79,723.06,1,1,64.91
2024-06-01,5,Pro,"Paid Search",1512.79,723.06,1,1,61.40
2024-06-01,6,Pro,"Paid Search",1512.79,723.06,1,1,54.39
2024-06-01,0,Pro,Partner,1163.65,1163.65,1,1,100.00
2024-06-01,1,Pro,Partner,1163.65,1259.21,1,1.0821,77.19
2024-06-01,2,Pro,Partner,1163.65,1259.21,1,1,73.68
2024-06-01,3,Pro,Partner,1163.65,749.2,0.5617,0.5617,64.91
2024-06-01,4,Pro,Partner,1163.65,749.2,1,1,64.91
2024-06-01,5,Pro,Partner,1163.65,795.11,1,1.0395,61.40
2024-06-01,6,Pro,Partner,1163.65,795.11,1,1,54.39
2024-05-01,0,Basic,Organic,241.23,241.23,1,1,100.00
2024-05-01,1,Basic,Organic,241.23,229.95,0.9532,0.9532,88.89
2024-05-01,2,Basic,Organic,241.23,172.68,0.7626,0.7626,84.13
2024-05-01,3,Basic,Organic,241.23,188.01,1,1.0635,74.60
2024-05-01,4,Basic,Organic,241.23,188.01,1,1,73.02
2024-05-01,5,Basic,Organic,241.23,188.01,1,1,73.02
2024-05-01,6,Basic,Organic,241.23,188.01,1,1,69.84
2024-05-01,7,Basic,Organic,241.23,78.15,0.5446,0.5446,66.67
2024-05-01,0,Basic,Outbound,756.35,756.35,1,1,100.00
2024-05-01,1,Basic,Outbound,756.35,756.35,1,1,88.89
2024-05-01,2,Basic,Outbound,756.35,771.63,1,1.0202,84.13
2024-05-01,3,Basic,Outbound,756.35,809.8,1,1.0505,74.60
2024-05-01,4,Basic,Outbound,756.35,827.8,0.9894,1.0238,73.02
2024-05-01,5,Basic,Outbound,756.35,803.6,0.968,0.968,73.02
2024-05-01,6,Basic,Outbound,756.35,803.6,1,1,69.84
2024-05-01,7,Basic,Outbound,756.35,803.6,1,1,66.67
2024-05-01,0,Basic,"Paid Search",971.66,971.66,1,1,100.00
2024-05-01,1,Basic,"Paid Search",971.66,843.04,0.856,0.8676,88.89
2024-05-01,2,Basic,"Paid Search",971.66,832.83,0.9895,0.9895,84.13
2024-05-01,3,Basic,"Paid Search",971.66,708.48,0.852,0.872,74.60
2024-05-01,4,Basic,"Paid Search",971.66,604.08,0.8926,0.8926,73.02
2024-05-01,5,Basic,"Paid Search",971.66,604.08,1,1,73.02
2024-05-01,6,Basic,"Paid Search",971.66,604.08,1,1,69.84
2024-05-01,7,Basic,"Paid Search",971.66,615.16,1,1.0114,66.67
2024-05-01,0,Basic,Partner,606.4,606.4,1,1,100.00
2024-05-01,1,Basic,Partner,606.4,537.75,0.8868,0.8868,88.89
2024-05-01,2,Basic,Partner,606.4,376.82,0.7346,0.7346,84.13
2024-05-01,3,Basic,Partner,606.4,346,0.9219,0.9492,74.60
2024-05-01,4,Basic,Partner,606.4,346,1,1,73.02
2024-05-01,5,Basic,Partner,606.4,346,1,1,73.02
2024-05-01,6,Basic,Partner,606.4,330.41,0.9743,0.9743,69.84
2024-05-01,7,Basic,Partner,606.4,315.97,0.9762,0.9762,66.67
2024-05-01,0,Enterprise,Organic,8518.55,8518.55,1,1,100.00
2024-05-01,1,Enterprise,Organic,8518.55,10309.89,1,1.2103,88.89
2024-05-01,2,Enterprise,Organic,8518.55,10309.89,1,1,84.13
2024-05-01,3,Enterprise,Organic,8518.55,10309.89,1,1,74.60
2024-05-01,4,Enterprise,Organic,8518.55,10309.89,1,1,73.02
2024-05-01,5,Enterprise,Organic,8518.55,10309.89,1,1,73.02
2024-05-01,6,Enterprise,Organic,8518.55,10309.89,1,1,69.84
2024-05-01,7,Enterprise,Organic,8518.55,10309.89,1,1,66.67
2024-05-01,0,Enterprise,"Paid Search",12573.23,12573.23,1,1,100.00
2024-05-01,1,Enterprise,"Paid Search",12573.23,12792.84,1,1.0175,88.89
2024-05-01,2,Enterprise,"Paid Search",12573.23,12792.84,1,1,84.13
2024-05-01,3,Enterprise,"Paid Search",12573.23,11395.15,0.8059,0.8888,74.60
2024-05-01,4,Enterprise,"Paid Search",12573.23,11395.15,1,1,73.02
2024-05-01,5,Enterprise,"Paid Search",12573.23,11734.26,1,1.027,73.02
2024-05-01,6,Enterprise,"Paid Search",12573.23,11734.26,1,1,69.84
2024-05-01,7,Enterprise,"Paid Search",12573.23,11734.26,1,1,66.67
2024-05-01,0,Enterprise,Partner,2171.05,2171.05,1,1,100.00
2024-05-01,1,Enterprise,Partner,2171.05,2171.05,1,1,88.89
2024-05-01,2,Enterprise,Partner,2171.05,2171.05,1,1,84.13
2024-05-01,3,Enterprise,Partner,2171.05,2171.05,1,1,74.60
2024-05-01,4,Enterprise,Partner,2171.05,2171.05,1,1,73.02
2024-05-01,5,Enterprise,Partner,2171.05,1973.51,0.909,0.909,73.02
2024-05-01,6,Enterprise,Partner,2171.05,1973.51,1,1,69.84
2024-05-01,7,Enterprise,Partner,2171.05,1973.51,1,1,66.67
2024-05-01,0,Pro,Organic,3078.58,3078.58,1,1,100.00
2024-05-01,1,Pro,Organic,3078.58,3057.74,0.9932,0.9932,88.89
2024-05-01,2,Pro,Organic,3078.58,2992.84,0.9789,0.9789,84.13
2024-05-01,3,Pro,Organic,3078.58,2403.38,0.7978,0.8085,74.60
2024-05-01,4,Pro,Organic,3078.58,2403.38,1,1,73.02
2024-05-01,5,Pro,Organic,3078.58,2366.45,0.988,0.988,73.02
2024-05-01,6,Pro,Organic,3078.58,1926.51,0.8571,0.8571,69.84
2024-05-01,7,Pro,Organic,3078.58,1926.51,1,1,66.67
2024-05-01,0,Pro,Outbound,1291.4,1291.4,1,1,100.00
2024-05-01,1,Pro,Outbound,1291.4,851.3,0.6592,0.6592,88.89
2024-05-01,2,Pro,Outbound,1291.4,851.3,1,1,84.13
2024-05-01,3,Pro,Outbound,1291.4,851.3,1,1,74.60
2024-05-01,4,Pro,Outbound,1291.4,772.61,0.9391,0.9391,73.02
2024-05-01,5,Pro,Outbound,1291.4,772.61,1,1,73.02
2024-05-01,6,Pro,Outbound,1291.4,277.18,0.6164,0.6164,69.84
2024-05-01,7,Pro,Outbound,1291.4,277.18,1,1,66.67
2024-05-01,0,Pro,"Paid Search",5331.87,5331.87,1,1,100.00
2024-05-01,1,Pro,"Paid Search",5331.87,5320.45,0.9455,0.9979,88.89
2024-05-01,2,Pro,"Paid Search",5331.87,5025.6,0.9051,0.9447,84.13
2024-05-01,3,Pro,"Paid Search",5331.87,4740.55,0.9302,0.9465,74.60
2024-05-01,4,Pro,"Paid Search",5331.87,4854.84,0.9931,1.0214,73.02
2024-05-01,5,Pro,"Paid Search",5331.87,4854.84,1,1,73.02
2024-05-01,6,Pro,"Paid Search",5331.87,5037.48,1,1.0343,69.84
2024-05-01,7,Pro,"Paid Search",5331.87,4296.04,0.8465,0.8609,66.67
2024-05-01,0,Pro,Partner,3018.97,3018.97,1,1,100.00
2024-05-01,1,Pro,Partner,3018.97,1896.62,0.5867,0.6282,88.89
2024-05-01,2,Pro,Partner,3018.97,1849.6,0.9844,0.9844,84.13
2024-05-01,3,Pro,Partner,3018.97,1960.53,1,1.0367,74.60
2024-05-01,4,Pro,Partner,3018.97,2043.14,1,1.0274,73.02
2024-05-01,5,Pro,Partner,3018.97,2142.55,1,1.0329,73.02
2024-05-01,6,Pro,Partner,3018.97,2107.53,0.9884,0.9884,69.84
2024-05-01,7,Pro,Partner,3018.97,2107.53,1,1,66.67
2024-04-01,0,Basic,Organic,1362.66,1362.66,1,1,100.00
2024-04-01,1,Basic,Organic,1362.66,1157.45,0.8326,0.8494,94.03
2024-04-01,2,Basic,Organic,1362.66,1046.14,0.9183,0.9183,88.06
2024-04-01,3,Basic,Organic,1362.66,1048.14,0.9932,1.0015,86.57
2024-04-01,4,Basic,Organic,1362.66,1044.3,0.9972,0.9972,83.58
2024-04-01,5,Basic,Organic,1362.66,938.39,0.9033,0.9223,80.60
2024-04-01,6,Basic,Organic,1362.66,818.63,0.9121,0.9121,76.12
2024-04-01,7,Basic,Organic,1362.66,784.53,0.9484,0.975,73.13
2024-04-01,8,Basic,Organic,1362.66,780.18,0.9968,0.9968,68.66
2024-04-01,0,Basic,Outbound,449.06,449.06,1,1,100.00
2024-04-01,1,Basic,Outbound,449.06,449.06,1,1,94.03
2024-04-01,2,Basic,Outbound,449.06,449.06,1,1,88.06
2024-04-01,3,Basic,Outbound,449.06,449.06,1,1,86.57
2024-04-01,4,Basic,Outbound,449.06,449.06,1,1,83.58
2024-04-01,5,Basic,Outbound,449.06,449.06,1,1,80.60
2024-04-01,6,Basic,Outbound,449.06,449.06,1,1,76.12
2024-04-01,7,Basic,Outbound,449.06,449.06,1,1,73.13
2024-04-01,8,Basic,Outbound,449.06,449.06,1,1,68.66
2024-04-01,0,Basic,"Paid Search",678.78,678.78,1,1,100.00
2024-04-01,1,Basic,"Paid Search",678.78,515.07,0.7588,0.7588,94.03
2024-04-01,2,Basic,"Paid Search",678.78,515.07,1,1,88.06
2024-04-01,3,Basic,"Paid Search",678.78,398.92,0.8289,0.8289,86.57
2024-04-01,4,Basic,"Paid Search",678.78,398.92,1,1,83.58
2024-04-01,5,Basic,"Paid Search",678.78,398.92,1,1,80.60
2024-04-01,6,Basic,"Paid Search",678.78,398.92,1,1,76.12
2024-04-01,7,Basic,"Paid Search",678.78,421.07,1,1.0326,73.13
2024-04-01,8,Basic,"Paid Search",678.78,421.07,1,1,68.66
2024-04-01,0,Basic,Partner,828.02,828.02,1,1,100.00
2024-04-01,1,Basic,Partner,828.02,853.77,1,1.0311,94.03
2024-04-01,2,Basic,Partner,828.02,722.96,0.842,0.842,88.06
2024-04-01,3,Basic,Partner,828.02,725.37,0.9918,1.0029,86.57
2024-04-01,4,Basic,Partner,828.02,719.66,0.9931,0.9931,83.58
2024-04-01,5,Basic,Partner,828.02,604.83,0.8613,0.8613,80.60
2024-04-01,6,Basic,Partner,828.02,600.58,0.9949,0.9949,76.12
2024-04-01,7,Basic,Partner,828.02,601.61,0.9809,1.0012,73.13
2024-04-01,8,Basic,Partner,828.02,507.54,0.8864,0.8864,68.66
2024-04-01,0,Enterprise,Organic,8720.58,8720.58,1,1,100.00
2024-04-01,1,Enterprise,Organic,8720.58,8720.58,1,1,94.03
2024-04-01,2,Enterprise,Organic,8720.58,9120.56,1,1.0459,88.06
2024-04-01,3,Enterprise,Organic,8720.58,9320,1,1.0229,86.57
2024-04-01,4,Enterprise,Organic,8720.58,9320,1,1,83.58
2024-04-01,5,Enterprise,Organic,8720.58,9320,1,1,80.60
2024-04-01,6,Enterprise,Organic,8720.58,9127.41,0.9779,0.9779,76.12
2024-04-01,7,Enterprise,Organic,8720.58,9464.43,1,1.0386,73.13
2024-04-01,8,Enterprise,Organic,8720.58,9464.43,1,1,68.66
2024-04-01,0,Enterprise,Outbound,4570.99,4570.99,1,1,100.00
2024-04-01,1,Enterprise,Outbound,4570.99,4948.11,1,1.0825,94.03
2024-04-01,2,Enterprise,Outbound,4570.99,4948.11,1,1,88.06
2024-04-01,3,Enterprise,Outbound,4570.99,5176.78,1,1.05,86.57
2024-04-01,4,Enterprise,Outbound,4570.99,5176.78,1,1,83.58
2024-04-01,5,Enterprise,Outbound,4570.99,5176.78,1,1,80.60
2024-04-01,6,Enterprise,Outbound,4570.99,5324.59,1,1.0323,76.12
2024-04-01,7,Enterprise,Outbound,4570.99,5324.59,1,1,73.13
2024-04-01,8,Enterprise,Outbound,4570.99,5324.59,1,1,68.66
2024-04-01,0,Enterprise,"Paid Search",6016.27,6016.27,1,1,100.00
2024-04-01,1,Enterprise,"Paid Search",6016.27,6016.27,1,1,94.03
2024-04-01,2,Enterprise,"Paid Search",6016.27,6016.27,1,1,88.06
2024-04-01,3,Enterprise,"Paid Search",6016.27,6269.75,1,1.0421,86.57
2024-04-01,4,Enterprise,"Paid Search",6016.27,6269.75,1,1,83.58
2024-04-01,5,Enterprise,"Paid Search",6016.27,6269.75,1,1,80.60
2024-04-01,6,Enterprise,"Paid Search",6016.27,6416.54,1,1.0244,76.12
2024-04-01,7,Enterprise,"Paid Search",6016.27,6416.54,1,1,73.13
2024-04-01,8,Enterprise,"Paid Search",6016.27,6584.65,1,1.0279,68.66
2024-04-01,0,Enterprise,Partner,4017.58,4017.58,1,1,100.00
2024-04-01,1,Enterprise,Partner,4017.58,4017.58,1,1,94.03
2024-04-01,2,Enterprise,Partner,4017.58,4017.58,1,1,88.06
2024-04-01,3,Enterprise,Partner,4017.58,4017.58,1,1,86.57
2024-04-01,4,Enterprise,Partner,4017.58,2104.78,0.5239,0.5239,83.58
2024-04-01,5,Enterprise,Partner,4017.58,2104.78,1,1,80.60
2024-04-01,6,Enterprise,Partner,4017.58,2104.78,1,1,76.12
2024-04-01,7,Enterprise,Partner,4017.58,2319.37,1,1.0534,73.13
2024-04-01,8,Enterprise,Partner,4017.58,2319.37,1,1,68.66
2024-04-01,0,Pro,Organic,4103.45,4103.45,1,1,100.00
2024-04-01,1,Pro,Organic,4103.45,4346.17,1,1.0592,94.03
2024-04-01,2,Pro,Organic,4103.45,4016.51,0.9089,0.9197,88.06
2024-04-01,3,Pro,Organic,4103.45,3985.52,0.9924,0.9924,86.57
2024-04-01,4,Pro,Organic,4103.45,3985.52,1,1,83.58
2024-04-01,5,Pro,Organic,4103.45,4060.58,1,1.0183,80.60
2024-04-01,6,Pro,Organic,4103.45,3766.1,0.9282,0.9282,76.12
2024-04-01,7,Pro,Organic,4103.45,3424.03,0.9041,0.9166,73.13
2024-04-01,8,Pro,Organic,4103.45,2510.2,0.7622,0.7773,68.66
2024-04-01,0,Pro,Outbound,533.93,533.93,1,1,100.00
2024-04-01,1,Pro,Outbound,533.93,533.93,1,1,94.03
2024-04-01,2,Pro,Outbound,533.93,533.93,1,1,88.06
2024-04-01,3,Pro,Outbound,533.93,533.93,1,1,86.57
2024-04-01,4,Pro,Outbound,533.93,533.93,1,1,83.58
2024-04-01,5,Pro,Outbound,533.93,533.93,1,1,80.60
2024-04-01,6,Pro,Outbound,533.93,533.93,1,1,76.12
2024-04-01,7,Pro,Outbound,533.93,464.19,0.8694,0.8694,73.13
2024-04-01,8,Pro,Outbound,533.93,464.19,1,1,68.66
2024-04-01,0,Pro,"Paid Search",3068.24,3068.24,1,1,100.00
2024-04-01,1,Pro,"Paid Search",3068.24,3086.5,1,1.006,94.03
2024-04-01,2,Pro,"Paid Search",3068.24,2672,0.8649,0.8649,88.06
2024-04-01,3,Pro,"Paid Search",3068.24,2654.63,0.9943,0.9943,86.57
2024-04-01,4,Pro,"Paid Search",3068.24,2250.95,0.8684,0.8684,83.58
2024-04-01,5,Pro,"Paid Search",3068.24,2301.5,1,1.0165,80.60
2024-04-01,6,Pro,"Paid Search",3068.24,2369.88,1,1.0223,76.12
2024-04-01,7,Pro,"Paid Search",3068.24,2437.26,1,1.022,73.13
2024-04-01,8,Pro,"Paid Search",3068.24,2437.26,1,1,68.66
2024-04-01,0,Pro,Partner,1670.3,1670.3,1,1,100.00
2024-04-01,1,Pro,Partner,1670.3,1621.63,0.9709,0.9709,94.03
2024-04-01,2,Pro,Partner,1670.3,1621.63,1,1,88.06
2024-04-01,3,Pro,Partner,1670.3,1744.33,1,1.0735,86.57
2024-04-01,4,Pro,Partner,1670.3,1744.33,1,1,83.58
2024-04-01,5,Pro,Partner,1670.3,1726.13,0.9486,0.9891,80.60
2024-04-01,6,Pro,Partner,1670.3,1446.47,0.8326,0.8326,76.12
2024-04-01,7,Pro,Partner,1670.3,1550.07,1,1.062,73.13
2024-04-01,8,Pro,Partner,1670.3,1550.07,1,1,68.66
2024-03-01,0,Basic,Organic,575.13,575.13,1,1,100.00
2024-03-01,1,Basic,Organic,575.13,497.87,0.8657,0.8657,93.10
2024-03-01,2,Basic,Organic,575.13,497.87,1,1,87.93
2024-03-01,3,Basic,Organic,575.13,519.75,1,1.038,84.48
2024-03-01,4,Basic,Organic,575.13,519.75,1,1,82.76
2024-03-01,5,Basic,Organic,575.13,527.95,1,1.0143,81.03
2024-03-01,6,Basic,Organic,575.13,527.95,1,1,75.86
2024-03-01,7,Basic,Organic,575.13,561.35,1,1.0581,72.41
2024-03-01,8,Basic,Organic,575.13,412.08,0.7405,0.7405,68.97
2024-03-01,9,Basic,Organic,575.13,404.34,0.9865,0.9865,67.24
2024-03-01,0,Basic,Outbound,500.64,500.64,1,1,100.00
2024-03-01,1,Basic,Outbound,500.64,500.64,1,1,93.10
2024-03-01,2,Basic,Outbound,500.64,500.64,1,1,87.93
2024-03-01,3,Basic,Outbound,500.64,385.92,0.7709,0.7709,84.48
2024-03-01,4,Basic,Outbound,500.64,385.92,1,1,82.76
2024-03-01,5,Basic,Outbound,500.64,385.92,1,1,81.03
2024-03-01,6,Basic,Outbound,500.64,393.94,1,1.016,75.86
2024-03-01,7,Basic,Outbound,500.64,316.16,0.8446,0.8446,72.41
2024-03-01,8,Basic,Outbound,500.64,316.16,1,1,68.97
2024-03-01,9,Basic,Outbound,500.64,316.16,1,1,67.24
2024-03-01,0,Basic,"Paid Search",557.71,557.71,1,1,100.00
2024-03-01,1,Basic,"Paid Search",557.71,435.66,0.7812,0.7812,93.10
2024-03-01,2,Basic,"Paid Search",557.71,428.93,0.9879,0.9879,87.93
2024-03-01,3,Basic,"Paid Search",557.71,424.39,0.9919,0.9919,84.48
2024-03-01,4,Basic,"Paid Search",557.71,435.63,1,1.0202,82.76
2024-03-01,5,Basic,"Paid Search",557.71,299.81,0.7565,0.7565,81.03
2024-03-01,6,Basic,"Paid Search",557.71,190.04,0.8032,0.8032,75.86
2024-03-01,7,Basic,"Paid Search",557.71,190.04,1,1,72.41
2024-03-01,8,Basic,"Paid Search",557.71,190.04,1,1,68.97
2024-03-01,9,Basic,"Paid Search",557.71,190.04,1,1,67.24
2024-03-01,0,Basic,Partner,371.14,371.14,1,1,100.00
2024-03-01,1,Basic,Partner,371.14,371.14,1,1,93.10
2024-03-01,2,Basic,Partner,371.14,315,0.7744,0.8487,87.93
2024-03-01,3,Basic,Partner,371.14,327.95,1,1.0349,84.48
2024-03-01,4,Basic,Partner,371.14,233.57,0.7457,0.7457,82.76
2024-03-01,5,Basic,Partner,371.14,233.57,1,1,81.03
2024-03-01,6,Basic,Partner,371.14,233.57,1,1,75.86
2024-03-01,7,Basic,Partner,371.14,218.79,0.9602,0.9602,72.41
2024-03-01,8,Basic,Partner,371.14,218.79,1,1,68.97
2024-03-01,9,Basic,Partner,371.14,218.79,1,1,67.24
2024-03-01,0,Enterprise,Organic,2295.7,2295.7,1,1,100.00
2024-03-01,1,Enterprise,Organic,2295.7,2295.7,1,1,93.10
2024-03-01,2,Enterprise,Organic,2295.7,2295.7,1,1,87.93
2024-03-01,3,Enterprise,Organic,2295.7,2295.7,1,1,84.48
2024-03-01,4,Enterprise,Organic,2295.7,2149.75,0.9364,0.9364,82.76
2024-03-01,5,Enterprise,Organic,2295.7,2149.75,1,1,81.03
2024-03-01,6,Enterprise,Organic,2295.7,2149.75,1,1,75.86
2024-03-01,7,Enterprise,Organic,2295.7,2149.75,1,1,72.41
2024-03-01,8,Enterprise,Organic,2295.7,2149.75,1,1,68.97
2024-03-01,9,Enterprise,Organic,2295.7,2149.75,1,1,67.24
2024-03-01,0,Enterprise,"Paid Search",9718.4,9718.4,1,1,100.00
2024-03-01,1,Enterprise,"Paid Search",9718.4,10711.44,1,1.1022,93.10
2024-03-01,2,Enterprise,"Paid Search",9718.4,10711.44,1,1,87.93
2024-03-01,3,Enterprise,"Paid Search",9718.4,11055.36,1,1.0354,84.48
2024-03-01,4,Enterprise,"Paid Search",9718.4,11055.36,1,1,82.76
2024-03-01,5,Enterprise,"Paid Search",9718.4,11791.61,1,1.0758,81.03
2024-03-01,6,Enterprise,"Paid Search",9718.4,11791.61,1,1,75.86
2024-03-01,7,Enterprise,"Paid Search",9718.4,12076.18,1,1.0293,72.41
2024-03-01,8,Enterprise,"Paid Search",9718.4,13759.86,1,1.1732,68.97
2024-03-01,9,Enterprise,"Paid Search",9718.4,14763.52,1,1.1033,67.24
2024-03-01,0,Enterprise,Partner,1578.93,1578.93,1,1,100.00
2024-03-01,1,Enterprise,Partner,1578.93,1923.82,1,1.2184,93.10
2024-03-01,2,Enterprise,Partner,1578.93,1923.82,1,1,87.93
2024-03-01,3,Enterprise,Partner,1578.93,1923.82,1,1,84.48
2024-03-01,4,Enterprise,Partner,1578.93,1746.66,0.8878,0.8878,82.76
2024-03-01,5,Enterprise,Partner,1578.93,1746.66,1,1,81.03
2024-03-01,6,Enterprise,Partner,1578.93,1746.66,1,1,75.86
2024-03-01,7,Enterprise,Partner,1578.93,1746.66,1,1,72.41
2024-03-01,8,Enterprise,Partner,1578.93,1746.66,1,1,68.97
2024-03-01,9,Enterprise,Partner,1578.93,1509.48,0.8498,0.8498,67.24
2024-03-01,0,Pro,Organic,3994.14,3994.14,1,1,100.00
2024-03-01,1,Pro,Organic,3994.14,4041.73,1,1.0119,93.10
2024-03-01,2,Pro,Organic,3994.14,4008.44,0.9917,0.9917,87.93
2024-03-01,3,Pro,Organic,3994.14,3938.14,0.9824,0.9824,84.48
2024-03-01,4,Pro,Organic,3994.14,4003.4,1,1.0163,82.76
2024-03-01,5,Pro,Organic,3994.14,4086.02,1,1.0207,81.03
2024-03-01,6,Pro,Organic,3994.14,3911,0.9448,0.9562,75.86
2024-03-01,7,Pro,Organic,3994.14,3565.18,0.8948,0.9134,72.41
2024-03-01,8,Pro,Organic,3994.14,3252.01,0.9216,0.9216,68.97
2024-03-01,9,Pro,Organic,3994.14,2707.73,0.8637,0.8637,67.24
2024-03-01,0,Pro,Outbound,1219.89,1219.89,1,1,100.00
2024-03-01,1,Pro,Outbound,1219.89,1000.96,0.7586,0.8205,93.10
2024-03-01,2,Pro,Outbound,1219.89,1065.94,1,1.0533,87.93
2024-03-01,3,Pro,Outbound,1219.89,985.7,0.914,0.9342,84.48
2024-03-01,4,Pro,Outbound,1219.89,1060.32,1,1.0612,82.76
2024-03-01,5,Pro,Outbound,1219.89,1060.32,1,1,81.03
2024-03-01,6,Pro,Outbound,1219.89,1075.34,0.9886,1.0123,75.86
2024-03-01,7,Pro,Outbound,1219.89,1075.34,1,1,72.41
2024-03-01,8,Pro,Outbound,1219.89,1110.5,1,1.0288,68.97
2024-03-01,9,Pro,Outbound,1219.89,1110.5,1,1,67.24
2024-03-01,0,Pro,"Paid Search",4050.64,4050.64,1,1,100.00
2024-03-01,1,Pro,"Paid Search",4050.64,4022.18,0.993,0.993,93.10
2024-03-01,2,Pro,"Paid Search",4050.64,3481.01,0.8329,0.8664,87.93
2024-03-01,3,Pro,"Paid Search",4050.64,3247.08,0.9149,0.9422,84.48
2024-03-01,4,Pro,"Paid Search",4050.64,3247.08,1,1,82.76
2024-03-01,5,Pro,"Paid Search",4050.64,3247.08,1,1,81.03
2024-03-01,6,Pro,"Paid Search",4050.64,3247.08,1,1,75.86
2024-03-01,7,Pro,"Paid Search",4050.64,3291.07,1,1.0109,72.41
2024-03-01,8,Pro,"Paid Search",4050.64,3363.61,1,1.0179,68.97
2024-03-01,9,Pro,"Paid Search",4050.64,3363.61,1,1,67.24
2024-03-01,0,Pro,Partner,2425.09,2425.09,1,1,100.00
2024-03-01,1,Pro,Partner,2425.09,2018.39,0.8323,0.8323,93.10
2024-03-01,2,Pro,Partner,2425.09,2018.39,1,1,87.93
2024-03-01,3,Pro,Partner,2425.09,2040.75,0.9848,1.0092,84.48
2024-03-01,4,Pro,Partner,2425.09,2040.75,1,1,82.76
2024-03-01,5,Pro,Partner,2425.09,2106.91,1,1.0273,81.03
2024-03-01,6,Pro,Partner,2425.09,1759.09,0.8566,0.8566,75.86
2024-03-01,7,Pro,Partner,2425.09,1759.09,1,1,72.41
2024-03-01,8,Pro,Partner,2425.09,1868.28,1,1.045,68.97
2024-03-01,9,Pro,Partner,2425.09,1925.75,1,1.0237,67.24
2024-02-01,0,Basic,Organic,1387.13,1387.13,1,1,100.00
2024-02-01,1,Basic,Organic,1387.13,1271.91,0.9022,0.9169,86.76
2024-02-01,2,Basic,Organic,1387.13,1051.98,0.8414,0.8414,82.35
2024-02-01,3,Basic,Organic,1387.13,1055.49,1,1.0025,79.41
2024-02-01,4,Basic,Organic,1387.13,1030.38,0.9574,0.9819,73.53
2024-02-01,5,Basic,Organic,1387.13,1019.52,0.9922,0.9922,72.06
2024-02-01,6,Basic,Organic,1387.13,1014.64,0.9965,0.9965,70.59
2024-02-01,7,Basic,Organic,1387.13,997.75,0.9878,0.9878,67.65
2024-02-01,8,Basic,Organic,1387.13,871.06,0.9087,0.9087,63.24
2024-02-01,9,Basic,Organic,1387.13,734.75,0.9017,0.9017,58.82
2024-02-01,10,Basic,Organic,1387.13,734.75,1,1,54.41
2024-02-01,0,Basic,Outbound,615,615,1,1,100.00
2024-02-01,1,Basic,Outbound,615,615,1,1,86.76
2024-02-01,2,Basic,Outbound,615,615,1,1,82.35
2024-02-01,3,Basic,Outbound,615,615,1,1,79.41
2024-02-01,4,Basic,Outbound,615,619.25,0.9832,1.0069,73.53
2024-02-01,5,Basic,Outbound,615,613.82,0.9912,0.9912,72.06
2024-02-01,6,Basic,Outbound,615,613.82,1,1,70.59
2024-02-01,7,Basic,Outbound,615,464.06,0.7565,0.7565,67.65
2024-02-01,8,Basic,Outbound,615,464.06,1,1,63.24
2024-02-01,9,Basic,Outbound,615,458.48,0.9909,0.9909,58.82
2024-02-01,10,Basic,Outbound,615,458.48,1,1,54.41
2024-02-01,0,Basic,"Paid Search",914.69,914.69,1,1,100.00
2024-02-01,1,Basic,"Paid Search",914.69,755.19,0.8256,0.8256,86.76
2024-02-01,2,Basic,"Paid Search",914.69,750.43,0.9948,0.9948,82.35
2024-02-01,3,Basic,"Paid Search",914.69,645.85,0.8857,0.8857,79.41
2024-02-01,4,Basic,"Paid Search",914.69,662.91,0.9943,1.0187,73.53
2024-02-01,5,Basic,"Paid Search",914.69,662.91,1,1,72.06
2024-02-01,6,Basic,"Paid Search",914.69,596.2,0.8964,0.9271,70.59
2024-02-01,7,Basic,"Paid Search",914.69,585.98,0.9888,0.9888,67.65
2024-02-01,8,Basic,"Paid Search",914.69,585.98,1,1,63.24
2024-02-01,9,Basic,"Paid Search",914.69,584.83,0.9886,0.9987,58.82
2024-02-01,10,Basic,"Paid Search",914.69,584.83,1,1,54.41
2024-02-01,0,Basic,Partner,604.11,604.11,1,1,100.00
2024-02-01,1,Basic,Partner,604.11,428.17,0.7088,0.7088,86.76
2024-02-01,2,Basic,Partner,604.11,314.27,0.8115,0.8115,82.35
2024-02-01,3,Basic,Partner,604.11,314.27,1,1,79.41
2024-02-01,4,Basic,Partner,604.11,127.02,0.69,0.69,73.53
2024-02-01,5,Basic,Partner,604.11,116.63,0.9828,0.9828,72.06
2024-02-01,6,Basic,Partner,604.11,116.63,1,1,70.59
2024-02-01,7,Basic,Partner,604.11,116.63,1,1,67.65
2024-02-01,8,Basic,Partner,604.11,129.97,1,1.0221,63.24
2024-02-01,9,Basic,Partner,604.11,129.97,1,1,58.82
2024-02-01,10,Basic,Partner,604.11,0,0.7849,0.7849,54.41
2024-02-01,0,Enterprise,Organic,6961.25,6961.25,1,1,100.00
2024-02-01,1,Enterprise,Organic,6961.25,7558.01,1,1.0857,86.76
2024-02-01,2,Enterprise,Organic,6961.25,7558.01,1,1,82.35
2024-02-01,3,Enterprise,Organic,6961.25,7222.38,0.9518,0.9518,79.41
2024-02-01,4,Enterprise,Organic,6961.25,4221.8,0.569,0.569,73.53
2024-02-01,5,Enterprise,Organic,6961.25,4221.8,1,1,72.06
2024-02-01,6,Enterprise,Organic,6961.25,4221.8,1,1,70.59
2024-02-01,7,Enterprise,Organic,6961.25,4221.8,1,1,67.65
2024-02-01,8,Enterprise,Organic,6961.25,4221.8,1,1,63.24
2024-02-01,9,Enterprise,Organic,6961.25,4221.8,1,1,58.82
2024-02-01,10,Enterprise,Organic,6961.25,4221.8,1,1,54.41
2024-02-01,0,Enterprise,Outbound,4848.27,4848.27,1,1,100.00
2024-02-01,1,Enterprise,Outbound,4848.27,4848.27,1,1,86.76
2024-02-01,2,Enterprise,Outbound,4848.27,4848.27,1,1,82.35
2024-02-01,3,Enterprise,Outbound,4848.27,4848.27,1,1,79.41
2024-02-01,4,Enterprise,Outbound,4848.27,4848.27,1,1,73.53
2024-02-01,5,Enterprise,Outbound,4848.27,4848.27,1,1,72.06
2024-02-01,6,Enterprise,Outbound,4848.27,4848.27,1,1,70.59
2024-02-01,7,Enterprise,Outbound,4848.27,4848.27,1,1,67.65
2024-02-01,8,Enterprise,Outbound,4848.27,4848.27,1,1,63.24
2024-02-01,9,Enterprise,Outbound,4848.27,4848.27,1,1,58.82
2024-02-01,10,Enterprise,Outbound,4848.27,4848.27,1,1,54.41
2024-02-01,0,Enterprise,"Paid Search",5552.09,5552.09,1,1,100.00
2024-02-01,1,Enterprise,"Paid Search",5552.09,2425.53,0.4369,0.4369,86.76
2024-02-01,2,Enterprise,"Paid Search",5552.09,2425.53,1,1,82.35
2024-02-01,3,Enterprise,"Paid Search",5552.09,2425.53,1,1,79.41
2024-02-01,4,Enterprise,"Paid Search",5552.09,2425.53,1,1,73.53
2024-02-01,5,Enterprise,"Paid Search",5552.09,2425.53,1,1,72.06
2024-02-01,6,Enterprise,"Paid Search",5552.09,2425.53,1,1,70.59
2024-02-01,7,Enterprise,"Paid Search",5552.09,2425.53,1,1,67.65
2024-02-01,8,Enterprise,"Paid Search",5552.09,1514.87,0.7836,0.836,63.24
2024-02-01,9,Enterprise,"Paid Search",5552.09,1514.87,1,1,58.82
2024-02-01,10,Enterprise,"Paid Search",5552.09,1792.6,1,1.05,54.41
2024-02-01,0,Enterprise,Partner,5259.07,5259.07,1,1,100.00
2024-02-01,1,Enterprise,Partner,5259.07,5566.83,1,1.0585,86.76
2024-02-01,2,Enterprise,Partner,5259.07,5404.4,0.9387,0.9691,82.35
2024-02-01,3,Enterprise,Partner,5259.07,2955.53,0.5344,0.5344,79.41
2024-02-01,4,Enterprise,Partner,5259.07,2955.53,1,1,73.53
2024-02-01,5,Enterprise,Partner,5259.07,2955.53,1,1,72.06
2024-02-01,6,Enterprise,Partner,5259.07,2955.53,1,1,70.59
2024-02-01,7,Enterprise,Partner,5259.07,2955.53,1,1,67.65
2024-02-01,8,Enterprise,Partner,5259.07,2955.53,1,1,63.24
2024-02-01,9,Enterprise,Partner,5259.07,3472.4,1,1.0983,58.82
2024-02-01,10,Enterprise,Partner,5259.07,3975.3,1,1.0956,54.41
2024-02-01,0,Pro,Organic,4373.53,4373.53,1,1,100.00
2024-02-01,1,Pro,Organic,4373.53,4421.14,1,1.0109,86.76
2024-02-01,2,Pro,Organic,4373.53,4472.06,0.986,1.0116,82.35
2024-02-01,3,Pro,Organic,4373.53,4663.93,1,1.0439,79.41
2024-02-01,4,Pro,Organic,4373.53,4663.93,1,1,73.53
2024-02-01,5,Pro,Organic,4373.53,4626.7,0.9915,0.9915,72.06
2024-02-01,6,Pro,Organic,4373.53,4634.14,0.988,1.0017,70.59
2024-02-01,7,Pro,Organic,4373.53,4690.99,1,1.013,67.65
2024-02-01,8,Pro,Organic,4373.53,4069.59,0.8497,0.8579,63.24
2024-02-01,9,Pro,Organic,4373.53,4134.65,1,1.0149,58.82
2024-02-01,10,Pro,Organic,4373.53,3652.24,0.8825,0.8897,54.41
2024-02-01,0,Pro,Outbound,1190.69,1190.69,1,1,100.00
2024-02-01,1,Pro,Outbound,1190.69,705.37,0.5446,0.5924,86.76
2024-02-01,2,Pro,Outbound,1190.69,705.37,1,1,82.35
2024-02-01,3,Pro,Outbound,1190.69,739.53,1,1.0287,79.41
2024-02-01,4,Pro,Outbound,1190.69,739.53,1,1,73.53
2024-02-01,5,Pro,Outbound,1190.69,739.53,1,1,72.06
2024-02-01,6,Pro,Outbound,1190.69,788.32,1,1.041,70.59
2024-02-01,7,Pro,Outbound,1190.69,728.49,0.9498,0.9498,67.65
2024-02-01,8,Pro,Outbound,1190.69,728.49,1,1,63.24
2024-02-01,9,Pro,Outbound,1190.69,368.62,0.6978,0.6978,58.82
2024-02-01,10,Pro,Outbound,1190.69,368.62,1,1,54.41
2024-02-01,0,Pro,"Paid Search",2423.35,2423.35,1,1,100.00
2024-02-01,1,Pro,"Paid Search",2423.35,2243.16,0.9038,0.9256,86.76
2024-02-01,2,Pro,"Paid Search",2423.35,2334.85,1,1.0378,82.35
2024-02-01,3,Pro,"Paid Search",2423.35,2334.85,1,1,79.41
2024-02-01,4,Pro,"Paid Search",2423.35,2334.85,1,1,73.53
2024-02-01,5,Pro,"Paid Search",2423.35,1877.65,0.7799,0.8113,72.06
2024-02-01,6,Pro,"Paid Search",2423.35,2098.88,1,1.0913,70.59
2024-02-01,7,Pro,"Paid Search",2423.35,1642.46,0.8117,0.8117,67.65
2024-02-01,8,Pro,"Paid Search",2423.35,1642.46,1,1,63.24
2024-02-01,9,Pro,"Paid Search",2423.35,1755.07,1,1.0465,58.82
2024-02-01,10,Pro,"Paid Search",2423.35,1755.07,1,1,54.41
2024-02-01,0,Pro,Partner,1595.48,1595.48,1,1,100.00
2024-02-01,1,Pro,Partner,1595.48,1595.48,1,1,86.76
2024-02-01,2,Pro,Partner,1595.48,1595.48,1,1,82.35
2024-02-01,3,Pro,Partner,1595.48,1595.48,1,1,79.41
2024-02-01,4,Pro,Partner,1595.48,1595.48,1,1,73.53
2024-02-01,5,Pro,Partner,1595.48,1517.24,0.951,0.951,72.06
2024-02-01,6,Pro,Partner,1595.48,1554.59,1,1.0234,70.59
2024-02-01,7,Pro,Partner,1595.48,1554.59,1,1,67.65
2024-02-01,8,Pro,Partner,1595.48,1506.03,0.9696,0.9696,63.24
2024-02-01,9,Pro,Partner,1595.48,1263.25,0.8478,0.8478,58.82
2024-02-01,10,Pro,Partner,1595.48,831,0.6858,0.7291,54.41
2024-01-01,0,Basic,Organic,895.06,895.06,1,1,100.00
2024-01-01,1,Basic,Organic,895.06,689.42,0.7518,0.7703,89.06
2024-01-01,2,Basic,Organic,895.06,689.42,1,1,87.50
2024-01-01,3,Basic,Organic,895.06,601.72,0.902,0.902,79.69
2024-01-01,4,Basic,Organic,895.06,515.05,0.9032,0.9032,76.56
2024-01-01,5,Basic,Organic,895.06,515.05,1,1,71.88
2024-01-01,6,Basic,Organic,895.06,521.62,1,1.0073,70.31
2024-01-01,7,Basic,Organic,895.06,409.96,0.8752,0.8752,65.63
2024-01-01,8,Basic,Organic,895.06,357.61,0.905,0.9415,57.81
2024-01-01,9,Basic,Organic,895.06,357.61,1,1,53.13
2024-01-01,10,Basic,Organic,895.06,357.61,1,1,53.13
2024-01-01,11,Basic,Organic,895.06,357.61,1,1,53.13
2024-01-01,0,Basic,Outbound,252.86,252.86,1,1,100.00
2024-01-01,1,Basic,Outbound,252.86,252.86,1,1,89.06
2024-01-01,2,Basic,Outbound,252.86,148.57,0.5876,0.5876,87.50
2024-01-01,3,Basic,Outbound,252.86,148.57,1,1,79.69
2024-01-01,4,Basic,Outbound,252.86,158.85,1,1.0407,76.56
2024-01-01,5,Basic,Outbound,252.86,158.85,1,1,71.88
2024-01-01,6,Basic,Outbound,252.86,158.85,1,1,70.31
2024-01-01,7,Basic,Outbound,252.86,158.85,1,1,65.63
2024-01-01,8,Basic,Outbound,252.86,158.85,1,1,57.81
2024-01-01,9,Basic,Outbound,252.86,158.85,1,1,53.13
2024-01-01,10,Basic,Outbound,252.86,158.85,1,1,53.13
2024-01-01,11,Basic,Outbound,252.86,158.85,1,1,53.13
2024-01-01,0,Basic,"Paid Search",729.66,729.66,1,1,100.00
2024-01-01,1,Basic,"Paid Search",729.66,729.66,1,1,89.06
2024-01-01,2,Basic,"Paid Search",729.66,729.66,1,1,87.50
2024-01-01,3,Basic,"Paid Search",729.66,729.66,1,1,79.69
2024-01-01,4,Basic,"Paid Search",729.66,729.66,1,1,76.56
2024-01-01,5,Basic,"Paid Search",729.66,729.66,1,1,71.88
2024-01-01,6,Basic,"Paid Search",729.66,729.66,1,1,70.31
2024-01-01,7,Basic,"Paid Search",729.66,729.66,1,1,65.63
2024-01-01,8,Basic,"Paid Search",729.66,677.84,0.929,0.929,57.81
2024-01-01,9,Basic,"Paid Search",729.66,507.56,0.7666,0.7666,53.13
2024-01-01,10,Basic,"Paid Search",729.66,507.56,1,1,53.13
2024-01-01,11,Basic,"Paid Search",729.66,507.56,1,1,53.13
2024-01-01,0,Basic,Partner,792.06,792.06,1,1,100.00
2024-01-01,1,Basic,Partner,792.06,636.52,0.7953,0.8036,89.06
2024-01-01,2,Basic,Partner,792.06,636.52,1,1,87.50
2024-01-01,3,Basic,Partner,792.06,636.52,1,1,79.69
2024-01-01,4,Basic,Partner,792.06,659.24,1,1.0287,76.56
2024-01-01,5,Basic,Partner,792.06,659.24,1,1,71.88
2024-01-01,6,Basic,Partner,792.06,659.24,1,1,70.31
2024-01-01,7,Basic,Partner,792.06,507.56,0.8017,0.8085,65.63
2024-01-01,8,Basic,Partner,792.06,255.53,0.6818,0.6818,57.81
2024-01-01,9,Basic,Partner,792.06,255.53,1,1,53.13
2024-01-01,10,Basic,Partner,792.06,255.53,1,1,53.13
2024-01-01,11,Basic,Partner,792.06,259.87,1,1.0055,53.13
2024-01-01,0,Enterprise,Organic,17289.13,17289.13,1,1,100.00
2024-01-01,1,Enterprise,Organic,17289.13,9569.92,0.5398,0.5535,89.06
2024-01-01,2,Enterprise,Organic,17289.13,9569.92,1,1,87.50
2024-01-01,3,Enterprise,Organic,17289.13,4698.9,0.7183,0.7183,79.69
2024-01-01,4,Enterprise,Organic,17289.13,4698.9,1,1,76.56
2024-01-01,5,Enterprise,Organic,17289.13,4698.9,1,1,71.88
2024-01-01,6,Enterprise,Organic,17289.13,4698.9,1,1,70.31
2024-01-01,7,Enterprise,Organic,17289.13,4698.9,1,1,65.63
2024-01-01,8,Enterprise,Organic,17289.13,4698.9,1,1,57.81
2024-01-01,9,Enterprise,Organic,17289.13,5637.73,1,1.0543,53.13
2024-01-01,10,Enterprise,Organic,17289.13,6270.08,1,1.0366,53.13
2024-01-01,11,Enterprise,Organic,17289.13,6270.08,1,1,53.13
2024-01-01,0,Enterprise,"Paid Search",15234.19,15234.19,1,1,100.00
2024-01-01,1,Enterprise,"Paid Search",15234.19,15538.09,1,1.0199,89.06
2024-01-01,2,Enterprise,"Paid Search",15234.19,15322.4,0.9858,0.9858,87.50
2024-01-01,3,Enterprise,"Paid Search",15234.19,15322.4,1,1,79.69
2024-01-01,4,Enterprise,"Paid Search",15234.19,12265.46,0.7993,0.7993,76.56
2024-01-01,5,Enterprise,"Paid Search",15234.19,12265.46,1,1,71.88
2024-01-01,6,Enterprise,"Paid Search",15234.19,12637.38,1,1.0244,70.31
2024-01-01,7,Enterprise,"Paid Search",15234.19,12637.38,1,1,65.63
2024-01-01,8,Enterprise,"Paid Search",15234.19,12637.38,1,1,57.81
2024-01-01,9,Enterprise,"Paid Search",15234.19,8996.66,0.761,0.761,53.13
2024-01-01,10,Enterprise,"Paid Search",15234.19,9315.9,1,1.021,53.13
2024-01-01,11,Enterprise,"Paid Search",15234.19,9315.9,1,1,53.13
2024-01-01,0,Enterprise,Partner,7698.01,7698.01,1,1,100.00
2024-01-01,1,Enterprise,Partner,7698.01,7698.01,1,1,89.06
2024-01-01,2,Enterprise,Partner,7698.01,7698.01,1,1,87.50
2024-01-01,3,Enterprise,Partner,7698.01,7698.01,1,1,79.69
2024-01-01,4,Enterprise,Partner,7698.01,7698.01,1,1,76.56
2024-01-01,5,Enterprise,Partner,7698.01,3829.1,0.4974,0.4974,71.88
2024-01-01,6,Enterprise,Partner,7698.01,3829.1,1,1,70.31
2024-01-01,7,Enterprise,Partner,7698.01,3829.1,1,1,65.63
2024-01-01,8,Enterprise,Partner,7698.01,3829.1,1,1,57.81
2024-01-01,9,Enterprise,Partner,7698.01,3829.1,1,1,53.13
2024-01-01,10,Enterprise,Partner,7698.01,3829.1,1,1,53.13
2024-01-01,11,Enterprise,Partner,7698.01,3829.1,1,1,53.13
2024-01-01,0,Pro,Organic,3960.78,3960.78,1,1,100.00
2024-01-01,1,Pro,Organic,3960.78,4054.97,1,1.0238,89.06
2024-01-01,2,Pro,Organic,3960.78,4134.37,0.9816,1.02,87.50
2024-01-01,3,Pro,Organic,3960.78,3408.49,0.8167,0.8167,79.69
2024-01-01,4,Pro,Organic,3960.78,3568.48,1,1.0404,76.56
2024-01-01,5,Pro,Organic,3960.78,3713.35,0.992,1.0366,71.88
2024-01-01,6,Pro,Organic,3960.78,3922.18,0.988,1.0527,70.31
2024-01-01,7,Pro,Organic,3960.78,3229.7,0.8252,0.8252,65.63
2024-01-01,8,Pro,Organic,3960.78,3298.73,1,1.0174,57.81
2024-01-01,9,Pro,Organic,3960.78,3295.11,0.9856,0.9991,53.13
2024-01-01,10,Pro,Organic,3960.78,3295.11,1,1,53.13
2024-01-01,11,Pro,Organic,3960.78,3418.51,1,1.0312,53.13
2024-01-01,0,Pro,Outbound,995.17,995.17,1,1,100.00
2024-01-01,1,Pro,Outbound,995.17,995.17,1,1,89.06
2024-01-01,2,Pro,Outbound,995.17,1022.82,1,1.0278,87.50
2024-01-01,3,Pro,Outbound,995.17,1093.22,1,1.0707,79.69
2024-01-01,4,Pro,Outbound,995.17,1093.22,1,1,76.56
2024-01-01,5,Pro,Outbound,995.17,1093.22,1,1,71.88
2024-01-01,6,Pro,Outbound,995.17,943.64,0.7389,0.8497,70.31
2024-01-01,7,Pro,Outbound,995.17,855.99,0.9119,0.9119,65.63
2024-01-01,8,Pro,Outbound,995.17,964.34,1,1.1089,57.81
2024-01-01,9,Pro,Outbound,995.17,964.34,1,1,53.13
2024-01-01,10,Pro,Outbound,995.17,964.34,1,1,53.13
2024-01-01,11,Pro,Outbound,995.17,997.86,1,1.0337,53.13
2024-01-01,0,Pro,"Paid Search",3010.28,3010.28,1,1,100.00
2024-01-01,1,Pro,"Paid Search",3010.28,2655.16,0.8587,0.882,89.06
2024-01-01,2,Pro,"Paid Search",3010.28,2702.72,1,1.0158,87.50
2024-01-01,3,Pro,"Paid Search",3010.28,2503.46,0.9185,0.9338,79.69
2024-01-01,4,Pro,"Paid Search",3010.28,2503.46,1,1,76.56
2024-01-01,5,Pro,"Paid Search",3010.28,2213.13,0.9036,0.9036,71.88
2024-01-01,6,Pro,"Paid Search",3010.28,2213.13,1,1,70.31
2024-01-01,7,Pro,"Paid Search",3010.28,2304.86,1,1.0305,65.63
2024-01-01,8,Pro,"Paid Search",3010.28,1751.07,0.816,0.816,57.81
2024-01-01,9,Pro,"Paid Search",3010.28,1694.51,0.9812,0.9812,53.13
2024-01-01,10,Pro,"Paid Search",3010.28,1694.51,1,1,53.13
2024-01-01,11,Pro,"Paid Search",3010.28,1694.51,1,1,53.13
2024-01-01,0,Pro,Partner,1012.72,1012.72,1,1,100.00
2024-01-01,1,Pro,Partner,1012.72,1012.72,1,1,89.06
2024-01-01,2,Pro,Partner,1012.72,1039.39,0.9743,1.0263,87.50
2024-01-01,3,Pro,Partner,1012.72,1039.39,1,1,79.69
2024-01-01,4,Pro,Partner,1012.72,1039.39,1,1,76.56
2024-01-01,5,Pro,Partner,1012.72,767.06,0.6683,0.7311,71.88
2024-01-01,6,Pro,Partner,1012.72,767.06,1,1,70.31
2024-01-01,7,Pro,Partner,1012.72,791.26,1,1.0239,65.63
2024-01-01,8,Pro,Partner,1012.72,791.26,1,1,57.81
2024-01-01,9,Pro,Partner,1012.72,791.26,1,1,53.13
2024-01-01,10,Pro,Partner,1012.72,849.67,1,1.0577,53.13
2024-01-01,11,Pro,Partner,1012.72,883.07,1,1.033,53.13
2023-12-01,0,Basic,Organic,623.82,623.82,1,1,100.00
2023-12-01,1,Basic,Organic,623.82,623.82,1,1,89.66
2023-12-01,2,Basic,Organic,623.82,633.25,1,1.0151,81.03
2023-12-01,3,Basic,Organic,623.82,633.25,1,1,81.03
2023-12-01,4,Basic,Organic,623.82,656.73,1,1.0376,79.31
2023-12-01,5,Basic,Organic,623.82,656.73,1,1,77.59
2023-12-01,6,Basic,Organic,623.82,674.5,1,1.0285,77.59
2023-12-01,7,Basic,Organic,623.82,674.5,1,1,75.86
2023-12-01,8,Basic,Organic,623.82,683.91,1,1.0151,74.14
2023-12-01,9,Basic,Organic,623.82,520.04,0.7373,0.7373,70.69
2023-12-01,10,Basic,Organic,623.82,554.91,1,1.0559,70.69
2023-12-01,11,Basic,Organic,623.82,475,0.8568,0.8719,67.24
2023-12-01,12,Basic,Organic,623.82,475,1,1,62.07
2023-12-01,0,Basic,Outbound,502.55,502.55,1,1,100.00
2023-12-01,1,Basic,Outbound,502.55,448.2,0.8919,0.8919,89.66
2023-12-01,2,Basic,Outbound,502.55,276.78,0.615,0.6589,81.03
2023-12-01,3,Basic,Outbound,502.55,276.78,1,1,81.03
2023-12-01,4,Basic,Outbound,502.55,276.78,1,1,79.31
2023-12-01,5,Basic,Outbound,502.55,291.36,1,1.029,77.59
2023-12-01,6,Basic,Outbound,502.55,291.36,1,1,77.59
2023-12-01,7,Basic,Outbound,502.55,291.36,1,1,75.86
2023-12-01,8,Basic,Outbound,502.55,291.36,1,1,74.14
2023-12-01,9,Basic,Outbound,502.55,291.36,1,1,70.69
2023-12-01,10,Basic,Outbound,502.55,300.56,1,1.0183,70.69
2023-12-01,11,Basic,Outbound,502.55,300.56,1,1,67.24
2023-12-01,12,Basic,Outbound,502.55,300.56,1,1,62.07
2023-12-01,0,Basic,"Paid Search",541.56,541.56,1,1,100.00
2023-12-01,1,Basic,"Paid Search",541.56,449.14,0.8293,0.8293,89.66
2023-12-01,2,Basic,"Paid Search",541.56,449.14,1,1,81.03
2023-12-01,3,Basic,"Paid Search",541.56,449.14,1,1,81.03
2023-12-01,4,Basic,"Paid Search",541.56,449.14,1,1,79.31
2023-12-01,5,Basic,"Paid Search",541.56,449.14,1,1,77.59
2023-12-01,6,Basic,"Paid Search",541.56,449.14,1,1,77.59
2023-12-01,7,Basic,"Paid Search",541.56,449.14,1,1,75.86
2023-12-01,8,Basic,"Paid Search",541.56,442.52,0.9878,0.9878,74.14
2023-12-01,9,Basic,"Paid Search",541.56,442.52,1,1,70.69
2023-12-01,10,Basic,"Paid Search",541.56,442.52,1,1,70.69
2023-12-01,11,Basic,"Paid Search",541.56,442.52,1,1,67.24
2023-12-01,12,Basic,"Paid Search",541.56,341.28,0.7949,0.8131,62.07
2023-12-01,0,Basic,Partner,567.15,567.15,1,1,100.00
2023-12-01,1,Basic,Partner,567.15,328.82,0.5798,0.5798,89.66
2023-12-01,2,Basic,Partner,567.15,328.82,1,1,81.03
2023-12-01,3,Basic,Partner,567.15,323.27,0.9902,0.9902,81.03
2023-12-01,4,Basic,Partner,567.15,323.27,1,1,79.31
2023-12-01,5,Basic,Partner,567.15,188.39,0.7622,0.7622,77.59
2023-12-01,6,Basic,Partner,567.15,188.39,1,1,77.59
2023-12-01,7,Basic,Partner,567.15,188.39,1,1,75.86
2023-12-01,8,Basic,Partner,567.15,188.39,1,1,74.14
2023-12-01,9,Basic,Partner,567.15,188.39,1,1,70.69
2023-12-01,10,Basic,Partner,567.15,188.39,1,1,70.69
2023-12-01,11,Basic,Partner,567.15,188.39,1,1,67.24
2023-12-01,12,Basic,Partner,567.15,115.64,0.8717,0.8717,62.07
2023-12-01,0,Enterprise,Organic,11865.05,11865.05,1,1,100.00
2023-12-01,1,Enterprise,Organic,11865.05,12233.95,1,1.0311,89.66
2023-12-01,2,Enterprise,Organic,11865.05,12233.95,1,1,81.03
2023-12-01,3,Enterprise,Organic,11865.05,12143.3,0.9924,0.9924,81.03
2023-12-01,4,Enterprise,Organic,11865.05,12143.3,1,1,79.31
2023-12-01,5,Enterprise,Organic,11865.05,12887.79,1,1.0627,77.59
2023-12-01,6,Enterprise,Organic,11865.05,12387.24,0.9578,0.9578,77.59
2023-12-01,7,Enterprise,Organic,11865.05,13340.3,0.9847,1.0803,75.86
2023-12-01,8,Enterprise,Organic,11865.05,13113.48,0.9573,0.9809,74.14
2023-12-01,9,Enterprise,Organic,11865.05,13164.97,0.9907,1.0043,70.69
2023-12-01,10,Enterprise,Organic,11865.05,13320.02,1,1.0131,70.69
2023-12-01,11,Enterprise,Organic,11865.05,12666.87,0.9166,0.945,67.24
2023-12-01,12,Enterprise,Organic,11865.05,12666.87,1,1,62.07
2023-12-01,0,Enterprise,Outbound,2104.31,2104.31,1,1,100.00
2023-12-01,1,Enterprise,Outbound,2104.31,2104.31,1,1,89.66
2023-12-01,2,Enterprise,Outbound,2104.31,2104.31,1,1,81.03
2023-12-01,3,Enterprise,Outbound,2104.31,2104.31,1,1,81.03
2023-12-01,4,Enterprise,Outbound,2104.31,2104.31,1,1,79.31
2023-12-01,5,Enterprise,Outbound,2104.31,2440.83,1,1.1599,77.59
2023-12-01,6,Enterprise,Outbound,2104.31,2669.38,1,1.1086,77.59
2023-12-01,7,Enterprise,Outbound,2104.31,2669.38,1,1,75.86
2023-12-01,8,Enterprise,Outbound,2104.31,2669.38,1,1,74.14
2023-12-01,9,Enterprise,Outbound,2104.31,2669.38,1,1,70.69
2023-12-01,10,Enterprise,Outbound,2104.31,2669.38,1,1,70.69
2023-12-01,11,Enterprise,Outbound,2104.31,3127.37,1,1.2176,67.24
2023-12-01,12,Enterprise,Outbound,2104.31,3127.37,1,1,62.07
2023-12-01,0,Enterprise,"Paid Search",9695.46,9695.46,1,1,100.00
2023-12-01,1,Enterprise,"Paid Search",9695.46,10922.63,1,1.1266,89.66
2023-12-01,2,Enterprise,"Paid Search",9695.46,10922.63,1,1,81.03
2023-12-01,3,Enterprise,"Paid Search",9695.46,10922.63,1,1,81.03
2023-12-01,4,Enterprise,"Paid Search",9695.46,11681.1,1,1.0782,79.31
2023-12-01,5,Enterprise,"Paid Search",9695.46,12014.2,1,1.0344,77.59
2023-12-01,6,Enterprise,"Paid Search",9695.46,12107.86,1,1.0097,77.59
2023-12-01,7,Enterprise,"Paid Search",9695.46,12512.25,1,1.0417,75.86
2023-12-01,8,Enterprise,"Paid Search",9695.46,13108.63,1,1.0615,74.14
2023-12-01,9,Enterprise,"Paid Search",9695.46,13922.82,1,1.084,70.69
2023-12-01,10,Enterprise,"Paid Search",9695.46,13922.82,1,1,70.69
2023-12-01,11,Enterprise,"Paid Search",9695.46,14279.24,1,1.0368,67.24
2023-12-01,12,Enterprise,"Paid Search",9695.46,13908.41,0.9618,0.9618,62.07
2023-12-01,0,Enterprise,Partner,8006.56,8006.56,1,1,100.00
2023-12-01,1,Enterprise,Partner,8006.56,8006.56,1,1,89.66
2023-12-01,2,Enterprise,Partner,8006.56,8006.56,1,1,81.03
2023-12-01,3,Enterprise,Partner,8006.56,8297.04,1,1.0363,81.03
2023-12-01,4,Enterprise,Partner,8006.56,6574.54,0.7342,0.7849,79.31
2023-12-01,5,Enterprise,Partner,8006.56,6574.54,1,1,77.59
2023-12-01,6,Enterprise,Partner,8006.56,6574.54,1,1,77.59
2023-12-01,7,Enterprise,Partner,8006.56,6799.55,1,1.0281,75.86
2023-12-01,8,Enterprise,Partner,8006.56,6510.23,0.9639,0.9639,74.14
2023-12-01,9,Enterprise,Partner,8006.56,6510.23,1,1,70.69
